"Descrizione Breve","Anno di Scoperta","Descrizione Lunga","Nome Inventore","Paese"
"Ascesa di Adolf Hitler","1921","Adolf Hitler divenne Führer (guida, leader) del Partito Nazista."," "," "
"Adolf Hitler Cancelliere della Germania","1933","Adolf Hitler divenne Cancelliere della Germania."," "," "
"Liberazione di Nelson Mandela","1990","Dopo 27 anni di prigionia, Nelson Mandela fu liberato."," "," "
"Fondazione della Dinastia Han","-206","Dopo la morte di Qin Shi Huang, fu stabilita la Dinastia Han in Cina."," "," "
"Inizio del Periodo dei Tre Regni","220","Dopo la caduta della Dinastia Han, iniziò il periodo dei Tre Regni in Cina."," "," "
"Formulazione della Relatività di Einstein","1905","Albert Einstein formulò la teoria della relatività."," "," "
"Origine della Scrittura Alfabetica","-1800","Comparve la scrittura alfabetica."," "," "
"Inizio della Guerra Civile Americana","1861","Inizio della Guerra Civile Americana, che si svolse tra l'Unione e la Confederazione secessionista."," "," "
"Primo Uso dell'Astrolabio in Europa","1050","Un antico strumento di navigazione, l'astrolabio, fu utilizzato per la prima volta in Europa."," "," "
"Angela Merkel Cancelliera della Germania","2005","Angela Merkel divenne la prima donna Cancelliera della Germania."," "," "
"Assassinio di John F. Kennedy","1963","Assassinio di John F. Kennedy."," "," "
"Bombardamenti Atomici su Hiroshima e Nagasaki","1945","Bombardamento atomico su Hiroshima e Nagasaki (Giappone)."," "," "
"Attacco a Pearl Harbor","1941","Attacco a Pearl Harbor che costrinse gli USA ad entrare nella Seconda Guerra Mondiale."," "," "
"Battaglia di Berlino","1945","Battaglia di Berlino."," "," "
"Battaglia del Kosovo","1389","Battaglia del Kosovo (in Serbia)."," "," "
"Battaglia di Maratona","-490","Battaglia di Maratona."," "," "
"Fine della Battaglia di Stalingrado","1943","La Battaglia di Stalingrado si concluse con oltre due milioni di vittime e la ritirata dell'Esercito Tedesco."," "," "
"Inizio dell'Apartheid in Sudafrica","1948","Inizio dell'apartheid in Sudafrica."," "," "
"Inizio dell'Era Spaziale con Sputnik I","1957","Inizio dell'Era Spaziale con il lancio di Sputnik I."," "," "
"Benito Mussolini diventa Duce","1925","Benito Mussolini ottenne poteri dittatoriali in Italia e adottò il titolo di 'Duce'."," "," "
"Nascita di Gesù Cristo","-4","Nascita di Gesù Cristo (data comunemente accettata)."," "," "
"Nascita del primo bambino in provetta","1978","Nascita del primo bambino da fecondazione in vitro."," "," "
"Boris Yeltsin Presidente della Federazione Russa","1991","Boris Yeltsin divenne il primo Presidente della Federazione Russa."," "," "
"Affitto di Hong Kong alla Gran Bretagna","1898","La Gran Bretagna ottenne un affitto di 99 anni su Hong Kong dalla Cina."," "," "
"Scoperta del bronzo in Egitto","-3500","Il bronzo fu scoperto in Egitto."," "," "
"Birmania donata a Regina Vittoria","1886","La Birmania fu presentata alla Regina Vittoria come regalo di compleanno."," "," "
"Febbre dell'Oro della California","1848","Corsa all'oro della California."," "," "
"Darwin e la Selezione Naturale","1838","Charles Darwin sviluppò la teoria della selezione e specializzazione evolutiva."," "," "
"Insurrezione Cecena e Deportazione","1944","L'insurrezione cecena si concluse con la deportazione dell'intera popolazione cecena."," "," "
"Disastri di Chernobyl","1986","Disastro di Chernobyl, 1986: grave incidente nucleare."," "," "
"Cina conquista Taiwan","1683","Cina annette Taiwan, sconfiggendo il regno di Tungning."," "," "
"Fondazione dell'Università Imperiale Cinese","-124","Università Imperiale Cinese fondata nel 1898."," "," "
"Morte di Cristoforo Colombo","1506","Morte di Cristoforo Colombo a Valladolid, 1506."," "," "
"Colombo scopre la rotta per il Nuovo Mondo","1492","Colombo scopre rotta per il Nuovo Mondo, 1492."," "," "
"Fondazione di Roma","-753","Roma fondata da Romolo, 753 a.C."," "," "
"Costruzione dell'Empire State Building","1931","Empire State Building, inaugurato nel 1931."," "," "
"Inizio costruzione della Torre di Londra","1077","Costruzione Torre di Londra inizia nel 1078."," "," "
"Scoperta del rame","-6000","Scoperta del rame, usato sin dalla preistoria."," "," "
"Creazione della NATO","1949","NATO istituita nel 1949 per difesa collettiva."," "," "
"Guerra di Crimea","1854","Guerra di Crimea, 1853-1856, conflitto tra Russia e Turchia."," "," "
"Crisi dei missili cubani","1962","Crisi dei missili di Cuba, confronto USA-URSS del 1962."," "," "
"Rivoluzione cubana","1959","Rivoluzione Cubana, Fidel Castro al potere nel 1959."," "," "
"D-Day","1944","D-Day, sbarco in Normandia, 6 giugno 1944."," "," "
"Morte di Alessandro il Grande","-323","Alessandro Magno muore a Babilonia, 323 a.C."," "," "
"Morti di Roosevelt, Hitler e Mussolini","1945","Morte di Roosevelt, Hitler, Mussolini nel 1945."," "," "
"Morte di Lenin; ascesa di Stalin","1924","Lenin muore nel 1924, inizia l'era di Stalin."," "," "
"Morti di Chávez, Mandela, Thatcher","2013","Morti di Chávez, Mandela, Thatcher nel XXI secolo."," "," "
"Morte di Churchill","1965","Churchill muore nel 1965, eroe della guerra."," "," "
"Democrazia ad Atene","-508","Atene introduce la democrazia, V secolo a.C."," "," "
"Morte della Principessa Diana","1997","Lady Diana muore nel 1997, Parigi."," "," "
"Scoperta dell'Antartide","1820","Antartide scoperta nel 1820, continente ghiacciato."," "," "
"Dissoluzione dell'URSS","1991","URSS si dissolve nel 1991, nascono nuove nazioni."," "," "
"Divisione Corea","1948","Corea divisa dopo la seconda guerra mondiale."," "," "
"Tavola periodica di Mendeleev","1869","Tavola periodica di Mendeleev, pubblicata nel 1869."," "," "
"Fondazione di Città del Capo","1652","Città del Capo fondata nel 1652 dai coloni olandesi."," "," "
"Origini della scrittura","-3000","Origini della scrittura, 4° millennio a.C."," "," "
"Rivoluzione egiziana con Nasser","1952","Rivoluzione Egiziana del 1952, Nasser al potere."," "," "
"Inaugurazione Torre Eiffel","1889","Torre Eiffel inaugurata nel 1889, simbolo di Parigi."," "," "
"Ellen Johnson Sirleaf presidente Liberia","2006","Ellen Johnson Sirleaf presidente Liberia nel 2006."," "," "
"Fine dell'apartheid e elezione di Mandela","1994","Apartheid finisce nel 1991, Mandela presidente nel 1994."," "," "
"Fine della Civiltà della Valle dell'Indo","-1700","Civiltà della Valle dell'Indo termina, 1500 a.C."," "," "
"Fine dell'Impero Cinese e nascita della Repubblica","1912","Repubblica di Cina fondata nel 1912, dopo l'impero."," "," "
"Fine della Prima Guerra Mondiale","1918","Fine Prima Guerra Mondiale, 11 novembre 1918."," "," "
"Fine della Seconda Guerra Mondiale in Europa","1945","Fine Seconda Guerra Mondiale in Europa, 1945."," "," "
"Nascita della Repubblica Popolare Cinese con Mao","1949","Cina diventa Repubblica Popolare nel 1949, Mao leader."," "," "
"Fondazione dell'Organizzazione Mondiale del Commercio","1995","WTO fondata nel 1995, regola il commercio mondiale."," "," "
"Introduzione dell'Euro","1999","Euro introdotto nel 1999, valuta europea."," "," "
"Europei utilizzano la bussola","1199","Bussola usata da europei, fondamentale per navigazione."," "," "
"Esecuzione di Saddam Hussein","2006","Saddam Hussein giustiziato nel 2006, Iraq."," "," "
"Fall of the Berlin Wall","1989","Fall of the Berlin Wall"," "," "
"First Balkan War began","1912","First Balkan War began"," "," "
"First calendar of 365 days, 12 months, and 30 days invented","-5000","First calendar of 365 days, 12 months, and 30 days invented"," "," "
"First Chinese domination of Vi?tnam as the Nanyue Kingdom","-111","First Chinese domination of Vi?tnam as the Nanyue Kingdom"," "," "
"First commercial film was released by Jean AimÈ Le Roy","1894","First commercial film was released by Jean AimÈ Le Roy"," "," "
"First commercial radio transmissions","1908","First commercial radio transmissions"," "," "
"First Cricket World Cup hosted","1975","First Cricket World Cup hosted"," "," "
"First dynasty of Egypt","-3100","First dynasty of Egypt"," "," "
"First FIFA World Cup hosted","1930","First FIFA World Cup hosted"," "," "
"First images had been taken of the Earth from space","1946","First images had been taken of the Earth from space"," "," "
"First operational electronic computer,†Colossus, introduced","1944","First operational electronic computer,†Colossus, introduced"," "," "
"First outbreak of the Ebola virus","1976","First outbreak of the Ebola virus"," "," "
"First space station, Skylab, was launched","1973","First space station, Skylab, was launched"," "," "
"First time†Anaesthesia†was used","1842","First time†Anaesthesia†was used"," "," "
"First time, the Soviet Union generated the electricity by nuclear power","1954","First time, the Soviet Union generated the electricity by nuclear power"," "," "
"First use of DNA fingerprinting","1985","First use of DNA fingerprinting"," "," "
"First use of poison gas at the Battle of Neuve Chapelle and Second Battle of Ypres","1915","First use of poison gas at the Battle of Neuve Chapelle and Second Battle of Ypres"," "," "
"For the first time, Fingerprinting was officially adopted","1892","For the first time, Fingerprinting was officially adopted"," "," "
"Founding of Roman Republic after exclusion of the last Roman King","-509","Founding of Roman Republic after exclusion of the last Roman King"," "," "
"Franklin D Roosevelt is elected President of the United States","1932","Franklin D Roosevelt is elected President of the United States"," "," "
"French Revolution","1789","French Revolution"," "," "
"Gavrilo Princip assassinated Archduke Franz Ferdinand of Austria in Sarajevo that triggered the World War I","1914","Gavrilo Princip assassinated Archduke Franz Ferdinand of Austria in Sarajevo that triggered the World War I"," "," "
"Germany partitioned as the Soviet socialist German Democratic Republic and the NATO-backed Federal Republic of Germany","1949","Germany partitioned as the Soviet socialist German Democratic Republic and the NATO-backed Federal Republic of Germany"," "," "
"Google is founded by Larry Page and Sergey Brin","1998","Google is founded by Larry Page and Sergey Brin"," "," "
"Great Pyramid of Giza","-2560","Great Pyramid of Giza"," "," "
"Greco-Persian Wars","-499","Greco-Persian Wars"," "," "
"Greece restores its monarchy after a referendum","1920","Greece restores its monarchy after a referendum"," "," "
"Green Revolution began","1943","Green Revolution began"," "," "
"Gulf War began","1990","Gulf War began"," "," "
"Gulf War ended after US withdrawal and failed uprising","1991","Gulf War ended after US withdrawal and failed uprising"," "," "
"Gunpowder was invented","800","Gunpowder was invented"," "," "
"Haiti attained its independence from France and became the first black republic","1804","Haiti attained its independence from France and became the first black republic"," "," "
"Harvard University is established in Cambridge, Massachusetts, USA","1636","Harvard University is established in Cambridge, Massachusetts, USA"," "," "
"Hawaii became an official USA territory","1900","Hawaii became an official USA territory"," "," "
"Hitler invaded the Soviet Union","1941","Hitler invaded the Soviet Union"," "," "
"Homer had written the epic Iliad and Odyssey","-850","Homer had written the epic Iliad and Odyssey"," "," "
"In China, Chou dynasty began","-1027","In China, Chou dynasty began"," "," "
"In France, a twenty-eight volume of encyclopedia was completed","1765","In France, a twenty-eight volume of encyclopedia was completed"," "," "
"In Milan (Italy), Napoleon was crowned as the King of Italy","1805","In Milan (Italy), Napoleon was crowned as the King of Italy"," "," "
"In Stockholm (Sweden), the first Nobel Prize ceremony was held","1901","In Stockholm (Sweden), the first Nobel Prize ceremony was held"," "," "
"In the Battle of Austerlitz, Napoleon decisively defeated an Austrian-Russian army","1805","In the Battle of Austerlitz, Napoleon decisively defeated an Austrian-Russian army"," "," "
"In the Battle of Chaeronea, the king Philip II, defeated the combined forces of the Greek city-states Athens and Thebes","-338","In the Battle of Chaeronea, the king Philip II, defeated the combined forces of the Greek city-states Athens and Thebes"," "," "
"In the Battle of Gaugamela, Alexander the Great defeated Darius III of Persia","-331","In the Battle of Gaugamela, Alexander the Great defeated Darius III of Persia"," "," "
"In the Battle of the Hydaspes River, Alexander the Great defeated Indian king Porus","-326","In the Battle of the Hydaspes River, Alexander the Great defeated Indian king Porus"," "," "
"In USA, based on the state's 1780 constitution, the Supreme Judicial Court of Massachusetts ruled slavery illegal","1783","In USA, based on the state's 1780 constitution, the Supreme Judicial Court of Massachusetts ruled slavery illegal"," "," "
"In USA, second Continental Congress meeting and declaration of independence July 4","1776","In USA, second Continental Congress meeting and declaration of independence July 4"," "," "
"Indus Valley civilization","-2600","Indus Valley civilization"," "," "
"International Court of Justice founded at Hague in the Netherlands","1920","International Court of Justice founded at Hague in the Netherlands"," "," "
"Iraq War began that triggered worldwide protests","2003","Iraq War began that triggered worldwide protests"," "," "
"Iraq War ended","2011","Iraq War ended"," "," "
"Iron Age","-2000","Iron Age"," "," "
"Isaac Newton published†Philosophiae Naturalis Principia Mathematica","1687","Isaac Newton published†Philosophiae Naturalis Principia Mathematica"," "," "
"Japan began successful forest management reform and subsequently timber cutting was reduced","1724","Japan began successful forest management reform and subsequently timber cutting was reduced"," "," "
"Japan invaded Manchuria (China) and occupied it until the end of World War II","1931","Japan invaded Manchuria (China) and occupied it until the end of World War II"," "," "
"Japanese invaded China","1937","Japanese invaded China"," "," "
"Jesus Christ crucified","29","Jesus Christ crucified"," "," "
"John of England sealed the Magna Carta","1215","John of England sealed the Magna Carta"," "," "
"Joseph Stalin became leader of the Soviet Union","1927","Joseph Stalin became leader of the Soviet Union"," "," "
"Karl Benz sold the first commercial automobile","1886","Karl Benz sold the first commercial automobile"," "," "
"Karl Marx wrote Communist Manifesto","1848","Karl Marx wrote Communist Manifesto"," "," "
"King Loius XI of France started postal service","1461","King Loius XI of France started postal service"," "," "
"League of Nations founded in Paris","1919","League of Nations founded in Paris"," "," "
"Leonardo da Vinci started making the painting of Mona Lisa; however, completed after three years","1503","Leonardo da Vinci started making the painting of Mona Lisa; however, completed after three years"," "," "
"Maastricht Treaty created the European Union","1992","Maastricht Treaty created the European Union"," "," "
"Marco Polo published his itinerary of China, along with Rustichello da Pisa","1298","Marco Polo published his itinerary of China, along with Rustichello da Pisa"," "," "
"Margaret Thatcher became the Prime Minister of the UK","1979","Margaret Thatcher became the Prime Minister of the UK"," "," "
"Martin Luther King, Jr and Robert F Kennedy assassinated while the Poor People's Campaign","1968","Martin Luther King, Jr and Robert F Kennedy assassinated while the Poor People's Campaign"," "," "
"Mein Kampf†(an autobiography of the National Socialist leader Adolf Hitler) was published","1925","Mein Kampf†(an autobiography of the National Socialist leader Adolf Hitler) was published"," "," "
"Michael Barrett was the last person to be publicly hanged in England","1868","Michael Barrett was the last person to be publicly hanged in England"," "," "
"Mickey Mouse was created at the Walt Disney Studio","1928","Mickey Mouse was created at the Walt Disney Studio"," "," "
"Middle East people domesticated goats and dogs","-10000","Middle East people domesticated goats and dogs"," "," "
"Mikhail Gorbachev became Premier of the Soviet Union","1985","Mikhail Gorbachev became Premier of the Soviet Union"," "," "
"Monarchy system terminated in Nepal","2008","Monarchy system terminated in Nepal"," "," "
"Monroe Doctrine was declared by US President James Monroe","1823","Monroe Doctrine was declared by US President James Monroe"," "," "
"Mount Vesuvius erupted and destructed Pompeii and other towns (in Italy)","79","Mount Vesuvius erupted and destructed Pompeii and other towns (in Italy)"," "," "
"Muammar Gaddafi overthrew King Idris of Libya in a†Coup d'Ètat†and established the Libyan Arab Republic","1969","Muammar Gaddafi overthrew King Idris of Libya in a†Coup d'Ètat†and established the Libyan Arab Republic"," "," "
"Muhammad abandoned Saturday as the Sabbath and made Friday as special day of the week","623","Muhammad abandoned Saturday as the Sabbath and made Friday as special day of the week"," "," "
"Muhammad died","632","Muhammad died"," "," "
"Muhammad had commenced preaching publicly in his hometown, Mecca","613","Muhammad had commenced preaching publicly in his hometown, Mecca"," "," "
"Muhammad Migrated from Mecca to Medina","622","Muhammad Migrated from Mecca to Medina"," "," "
"Munich agreement that handed over Czechoslovakia to Nazi Germany","1938","Munich agreement that handed over Czechoslovakia to Nazi Germany"," "," "
"Napoleon (of France) defeated Austria","1801","Napoleon (of France) defeated Austria"," "," "
"Napoleon abdicated and was exiled to Elba","1814","Napoleon abdicated and was exiled to Elba"," "," "
"Napoleon Bonaparte became a lieutenant in the French artillery","1785","Napoleon Bonaparte became a lieutenant in the French artillery"," "," "
"Napoleon Bonaparte died (at Saint Helena Island, where he was exiled)","1821","Napoleon Bonaparte died (at Saint Helena Island, where he was exiled)"," "," "
"Napoleon escaped; however, he was finally defeated at the Battle of Waterloo (in June) and exiled to Saint Helena Island","1815","Napoleon escaped; however, he was finally defeated at the Battle of Waterloo (in June) and exiled to Saint Helena Island"," "," "
"Napoleon's invasion and partition of the Republic of Venice ended over 1,000 years of independence of the Serene Republic","1797","Napoleon's invasion and partition of the Republic of Venice ended over 1,000 years of independence of the Serene Republic"," "," "
"NASA, the US Federal Aviation Authority and Campaign for Nuclear Disarmament (CND) established","1958","NASA, the US Federal Aviation Authority and Campaign for Nuclear Disarmament (CND) established"," "," "
"Nazi invasion of Poland that triggered the beginning of World War II","1939","Nazi invasion of Poland that triggered the beginning of World War II"," "," "
"Nazis invaded France, the Netherlands, Denmark and Norway","1940","Nazis invaded France, the Netherlands, Denmark and Norway"," "," "
"New Zealand became the first country to enact women's suffrage","1893","New Zealand became the first country to enact women's suffrage"," "," "
"New Zealand is established, as the Treaty of Waitangi is signed between the M?ori and British","1840","New Zealand is established, as the Treaty of Waitangi is signed between the M?ori and British"," "," "
"Olympic Games first recorded","-776","Olympic Games first recorded"," "," "
"Olympic Games revived in Athens, Greece","1896","Olympic Games revived in Athens, Greece"," "," "
"Opening of the Channel Tunnel","1994","Opening of the Channel Tunnel"," "," "
"Origin of Saka Era in India","78","Origin of Saka Era in India"," "," "
"Osama bin Laden, Muammar Gaddafi, and Kim Jong-Il were killed","2011","Osama bin Laden, Muammar Gaddafi, and Kim Jong-Il were killed"," "," "
"Osman I established the Ottoman Empire","1299","Osman I established the Ottoman Empire"," "," "
"Panama Canal opened","1914","Panama Canal opened"," "," "
"Panini standardized the Sanskrit grammar and its morphology in the text Ashtadhyayi","-500","Panini standardized the Sanskrit grammar and its morphology in the text Ashtadhyayi"," "," "
"Paper is invented in China","-200","Paper is invented in China"," "," "
"Persia became Iran","1935","Persia became Iran"," "," "
"Philip II had created a strong and unified nation in Macedonia He hired Aristotle to tutor his son, Alexander","-337","Philip II had created a strong and unified nation in Macedonia He hired Aristotle (the Philosopher) to tutor his son, Alexander"," "," "
"Philip II was assassinated and Alexander became king","-336","Philip II was assassinated and Alexander became king"," "," "
"Pingala learned the uses of zero and binary numeral system","-500","Pingala learned the uses of zero and binary numeral system"," "," "
"Poland, Ukraine, and Belarus declared their independence from Russia","1918","Poland, Ukraine, and Belarus declared their independence from Russia"," "," "
"Potsdam Conference (World War II) divided Europe into Western and Soviet blocs","1945","Potsdam Conference (World War II) divided Europe into Western and Soviet blocs"," "," "
"President of the United States, Abraham Lincoln was assassinated","1865","President of the United States, Abraham Lincoln was assassinated"," "," "
"Prophet Mohammed (the founder of Muslim religion) born","570","Prophet Mohammed (the founder of Muslim religion) born"," "," "
"Pythagoras (Greek scholar) studied the movements of celestial bodies and mathematics","-550","Pythagoras (Greek scholar) studied the movements of celestial bodies and mathematics"," "," "
"Qin Shi Huang unified China and the beginning of Imperial rule (in China)","-221","Qin Shi Huang unified China and the beginning of Imperial rule (in China)"," "," "
"Rise of Persian Empire","-653","Rise of Persian Empire"," "," "
"Roman Republic's constitutional law became the first to abolish capital punishment","1849","Roman Republic's constitutional law became the first to abolish capital punishment"," "," "
"Royal Albert Hall opened in London","1871","Royal Albert Hall opened in London"," "," "
"Russia abolished serfdom","1861","Russia abolished serfdom"," "," "
"Russian Japanese War","1904","Russian Japanese War"," "," "
"Russian Revolution ended the Russian Empire","1917","Russian Revolution ended the Russian Empire"," "," "
"Saint Valentine's Day Massacre","1929","Saint Valentine's Day Massacre"," "," "
"Second Balkan War and Treaty of Bucharest too place","1913","Second Balkan War and Treaty of Bucharest too place"," "," "
"Settled farming began","-9500","Settled farming began"," "," "
"Sino-Indian War","1962","Sino-Indian War"," "," "
"Sir Arthur Conan Doyle published his first Sherlock Holmes story, ëA Study in Scarletí","1887","Sir Arthur Conan Doyle published his first Sherlock Holmes story, ëA Study in Scarletí"," "," "
"Sir Tim Berners-Lee invented the World Wide Web (WWW)","1990","Sir Tim Berners-Lee invented the World Wide Web (WWW)"," "," "
"Sixteen Maha Janapadas emerged in India","-600","Sixteen Maha Janapadas emerged in India"," "," "
"Slavery Abolition Act banned slavery throughout the British Empire","1833","Slavery Abolition Act banned slavery throughout the British Empire"," "," "
"Soviet Union annexes the Baltic states","1940","Soviet Union annexes the Baltic states"," "," "
"Stalin died","1953","Stalin died"," "," "
"Statute of Westminster created the British Commonwealth of Nations","1931","Statute of Westminster created the British Commonwealth of Nations"," "," "
"Stock markets plunge across the world","2008","Stock markets plunge across the world"," "," "
"Suez Canal construction start","1859","Suez Canal construction start"," "," "
"Sui Dynasty came in China","581","Sui Dynasty came in China"," "," "
"Sumerian civilization evolved between the rivers Euphrates and Tigris","-5000","Sumerian civilization evolved between the rivers Euphrates and Tigris Later it became popular as Mesopotamia (present day Iraq)"," "," "
"Tehran Conference participated by Franklin Roosevelt, Winston Churchill, and Joseph Stalin; all agreed to launch Operation Overlord","1943","Tehran Conference participated by Franklin Roosevelt, Winston Churchill, and Joseph Stalin; all agreed to launch Operation Overlord"," "," "
"Terrorists destroyed the World Trade Center in New York City and damaged the Pentagon in Washington, DC","2001","Terrorists destroyed the World Trade Center in New York City and damaged the Pentagon in Washington, DC"," "," "
"The armies of Titus destructed Jerusalem","70","The armies of Titus destructed Jerusalem"," "," "
"The Bank of England is established","1694","The Bank of England is established"," "," "
"The BBC was granted a Royal Charter in the United Kingdom","1927","The BBC was granted a Royal Charter in the United Kingdom"," "," "
"The Black Death withered Europe for the first (of many times) ","1347","The Black Death withered Europe for the first (of many times) In the first year, an estimated 20 to 40% of the population was thought to have perished"," "," "
"The Caliphate was abolished by Kemal Atat¸rk","1924","The Caliphate was abolished by Kemal Atat¸rk"," "," "
"The city of Boston is founded","1632","The city of Boston is founded"," "," "
"The earliest known first-class cricket match had taken place in Sussex","1697","The earliest known first-class cricket match had taken place in Sussex"," "," "
"The first graphite pencils were used","1795","The first graphite pencils were used"," "," "
"The first National Park ie Yellowstone National Park, is established","1872","The first National Park ie Yellowstone National Park, is established"," "," "
"The first paper money was issued in the United States","1862","The first paper money was issued in the United States"," "," "
"The first successful oil well was drilled in northern Pennsylvania (USA)","1859","The first successful oil well was drilled in northern Pennsylvania (USA)"," "," "
"The First Temple in Jerusalem (Solomon's Temple) was destroyed by the Babylonians","-586","The First Temple in Jerusalem (Solomon's Temple) was destroyed by the Babylonians"," "," "
"The first Website has been put online and made available to the public","1991","The first Website has been put online and made available to the public"," "," "
"The German government initiated the first public old-age pension scheme","1891","The German government initiated the first public old-age pension scheme"," "," "
"The Germanic tribes defeated Roman army in the battle of Adrianople","378","The Germanic tribes defeated Roman army in the battle of Adrianople"," "," "
"The Great Fire of London","1666","The Great Fire of London"," "," "
"The Great Pyramid of Cholula constructed","-300","The Great Pyramid of Cholula constructed"," "," "
"The implementation of daylight saving time system","1916","The implementation of daylight saving time system"," "," "
"The Irish Potato Famine that lead to the Irish diaspora","1845","The Irish Potato Famine that lead to the Irish diaspora"," "," "
"The Irish Republican Army attempted to assassinate King George VI of the UK","1937","The Irish Republican Army attempted to assassinate King George VI of the UK"," "," "
"The largest oil spill in US history occurred in the Gulf of Mexico","2010","The largest oil spill in US history occurred in the Gulf of Mexico"," "," "
"The Medici bank was established in Florence","1397","The Medici bank was established in Florence"," "," "
"The Nazi party became the largest single party in the German parliament","1932","The Nazi party became the largest single party in the German parliament"," "," "
"The Qin Dynasty began the construction of the Great Wall of China","-221","The Qin Dynasty began the construction of the Great Wall of China"," "," "
"The Quran, the holy book, was published for the first time","660","The Quran, the holy book, was published for the first time"," "," "
"The slaves freed from London established Freetown (West Africa) ie present-day Sierra Leone","1787","The slaves freed from London established Freetown (West Africa) ie present-day Sierra Leone"," "," "
"The Spanish settlers founded the city of Los Angeles","1781","The Spanish settlers founded the city of Los Angeles"," "," "
"The Suez Canal route opened that linking the Mediterranean Sea to the Red Sea","1869","The Suez Canal route opened that linking the Mediterranean Sea to the Red Sea"," "," "
"The Turkish Grand National Assembly abolished Ottoman Sultanate","1922","The Turkish Grand National Assembly abolished Ottoman Sultanate"," "," "
"The two railway station at Stockton and Darlington (the first public railway in the world) was opened","1825","The two railway station at Stockton and Darlington (the first public railway in the world) was opened"," "," "
"The United Kingdom of Great Britain and Ireland officially became the United Kingdom of Great Britain and Northern Ireland","1927","The United Kingdom of Great Britain and Ireland officially became the United Kingdom of Great Britain and Northern Ireland"," "," "
"The United States Constitution is written in Philadelphia and submitted to the states for ratification","1787","The United States Constitution is written in Philadelphia and submitted to the states for ratification"," "," "
"The United States joined the Allies (countries) for the last 17 months of World War I","1917","The United States joined the Allies (countries) for the last 17 months of World War I"," "," "
"The University of Cambridge is established","1209","The University of Cambridge is established"," "," "
"The University of Oxford is established","1117","The University of Oxford is established"," "," "
"The University of Paris is established","1150","The University of Paris is established"," "," "
"The US Federal Bureau of Investigation established under J Edgar Hoover","1924","The US Federal Bureau of Investigation established under J Edgar Hoover"," "," "
"The world's first copyright legislation, Britain's Statute of Anne (also known as Copyright Act 1709), took effect","1710","The world's first copyright legislation, Britain's Statute of Anne (also known as Copyright Act 1709), took effect"," "," "
"The world's tallest skyscraper, Burj Khalifa (in Dubai), has been built","2009","The world's tallest skyscraper, Burj Khalifa (in Dubai), has been built"," "," "
"Theodore Roosevelt become the youngest President of the United States","1901","Theodore Roosevelt become the youngest President of the United States"," "," "
"Time Magazine was published first time","1923","Time Magazine was published first time"," "," "
"Transfer of sovereignty of Hong Kong from UK to China","1997","Transfer of sovereignty of Hong Kong from UK to China"," "," "
"Treaty of San Francisco terminated the Occupation of Japan and formally concluded hostilities between Japan and the US","1951","Treaty of San Francisco terminated the Occupation of Japan and formally concluded hostilities between Japan and the US"," "," "
"Treaty of Versailles redrew European borders","1919","Treaty of Versailles redrew European borders"," "," "
"United Nations founded","1945","United Nations founded"," "," "
"United States and Cuba resumed diplomatic relations","2015","United States and Cuba resumed diplomatic relations"," "," "
"Vaccination became mandatory in Britain","1835","Vaccination became mandatory in Britain"," "," "
"Vasco da Gama arrived India","1498","Vasco da Gama arrived India"," "," "
"Vatican City has given the status of a sovereign State","1929","Vatican City has given the status of a sovereign State"," "," "
"Velvet divorce between Czech Republic and Slovakia","1993","Velvet divorce between Czech Republic and Slovakia"," "," "
"Wall Street crash of 1929 and the beginning of the Great Depression","1929","Wall Street crash of 1929 and the beginning of the Great Depression"," "," "
"Warsaw Pact signed","1955","Warsaw Pact signed"," "," "
"Water clock is invented in Egypt","-1400","Water clock is invented in Egypt"," "," "
"Wikipedia founded","2001","Wikipedia founded"," "," "
"Winston Churchill became the Prime Minister of the United Kingdom","1940","Winston Churchill became the Prime Minister of the United Kingdom"," "," "
"Woodrow Wilson elected as the 28th†President of the United States","1912","Woodrow Wilson elected as the 28th†President of the United States"," "," "
"World's first oil refinery founded in Romania","1856","World's first oil refinery founded in Romania"," "," "
"Xinhai†Revolution in China overthrows the Qing Dynasty","1911","Xinhai†Revolution in China overthrows the Qing Dynasty"," "," "
"Yalta Conference","1945","Yalta Conference"," "," "
"Vetro di sicurezza","1903","Tipo di vetro che, in caso di rottura, non produce frammenti taglienti","…douard BÈnÈdictus","Francia"
"Motore a combustione interna","1859","Motore che genera energia meccanica tramite la combustione di carburante","…tienne Lenoir","Francia"
"E=mc≤ (Equivalenza massa-energia)","1905","Formula che mostra la relazione tra massa ed energia","Albert Einstein","Germania"
"Relativit‡ Generale","1915","Teoria della gravitazione proposta da Einstein, fondamentale per la fisica moderna","Albert Einstein","Germania"
"Teoria della relativit‡","1905","Teoria fisica che descrive la relazione tra spazio e tempo","Albert Einstein","Germania"
"Teoria delle Onde Gravitazionali","1916","Predizione teorica dell'esistenza di onde gravitazionali","Albert Einstein","Germania"
"Pila di Volta","1800","Prima batteria elettrica che produceva corrente continua","Alessandro Volta","Italia"
"Pila elettrica","1800","Primo dispositivo capace di generare energia elettrica in modo continuo","Alessandro Volta","Italia"
"Antibiotici","1928","Sostanze usate per prevenire e trattare infezioni batteriche","Alexander Fleming","Regno Unito"
"Antibiotico Penicillina","1928","Il primo antibiotico scoperto, rivoluzionario nella lotta contro le infezioni batteriche","Alexander Fleming","Regno Unito"
"Penicillina","1928","Primo antibiotico scoperto, ha rivoluzionato la medicina salvando milioni di vite","Alexander Fleming","Regno Unito"
"Telefono","1876","Dispositivo per la comunicazione vocale a distanza","Alexander Graham Bell","Stati Uniti"
"Dichiarazione Balfour","1917","Sostegno britannico per una casa ebraica","Arthur James Balfour","Palestina"
"Creazione dell'Arte Concettuale","1960","Movimento artistico che privilegia l'idea sull'oggetto","Artisti vari","Internazionale"
"Inizio dell'arte digitale","1960","Nuove forme espressive tramite la tecnologia","Artisti vari","Internazionale"
"Movimento artistico Harlem Renaissance","1920","Rivoluzione culturale e artistica afroamericana","Artisti vari","Stati Uniti"
"Prima Biennale di Venezia","1895","Importante evento internazionale dell'arte contemporanea","Artisti vari","Italia"
"Battaglia di Actium","-31","Ottaviano diventa Augusto, primo imperatore","Augusto","Impero Romano"
"La Chanson de Roland","1100","Epopea che racconta la battaglia di Roncisvalle","Autore anonimo","Francia"
"Composizione del Poema Gilgamesh","-2100","Antico poema epico mesopotamico","Autore sconosciuto","Mesopotamia"
"Calcolatrice","1642","Strumento per eseguire calcoli matematici, dalla semplice addizione alla complessa programmazione","Blaise Pascal","Francia"
"Caduta di Granada","1492","Fine del regno musulmano in Spagna","Boabdil","Spagna"
"Linguaggio di programmazione JavaScript","1995","Linguaggio di scripting lato client per pagine web interattive","Brendan Eich","Stati Uniti"
"Fondazione di Baghdad","762","Baghdad diventa capitale islamica","Califfo al-Mansur","Califfato Abbaside"
"Coronazione di Carlo Magno","800","Fondazione Sacro Romano Impero","Carlo Magno","Sacro Romano Impero"
"Teoria dell'evoluzione","1859","Teoria scientifica che spiega l'origine e lo sviluppo delle specie viventi","Charles Darwin","Regno Unito"
"Chip RFID","1983","Tecnologia per l'identificazione automatica di oggetti, animali o persone","Charles Walton","Stati Uniti"
"Trapianto di cuore","1967","Procedura medica in cui un cuore malfunzionante viene sostituito","Christiaan Barnard","Sud Africa"
"Orologio a pendolo","1656","Orologio pi˘ accurato del suo tempo, utilizzando un pendolo per misurare il tempo","Christiaan Huygens","Paesi Bassi"
"Macchina da scrivere","1867","Strumento meccanico o elettromeccanico per scrivere testo","Christopher Sholes","Stati Uniti"
"Prima esposizione degli Impressionisti","1874","Rompere le convenzioni artistiche tradizionali","Claude Monet","Francia"
"Teoria dell'Informazione","1948","Studio matematico della trasmissione, elaborazione e utilizzo delle informazioni","Claude Shannon","Stati Uniti"
"Trattato di Kanagawa","1854","Giappone apre porte al commercio occidentale","Commodoro Perry","Giappone"
"Concilio di Nicea","325","Primo concilio che definÏ uniformit‡ nella cristianit‡","Costantino il Grande","Impero Romano"
"Editto di Milano","313","Editto che proclamÚ tolleranza religiosa nell'Impero Romano","Costantino il Grande","Impero Romano"
"Scoperta dell'America","1492","Colombo raggiunge le Americhe, via alla colonizzazione","Cristoforo Colombo","Spagna"
"Pubblicazione di Robinson Crusoe","1719","Romanzo che inaugura la narrativa realista moderna","Daniel Defoe","Inghilterra"
"Nascita di Dante Alighieri","1265","Poeta italiano, autore della Divina Commedia","Dante Alighieri","Italia"
"Scatola nera (registrazione dati volo)","1953","Dispositivo per registrare i dati di volo e le conversazioni nella cabina di pilotaggio","David Warren","Australia"
"Prima edizione dell'EncyclopÈdie","1751","Opera fondamentale dell'Illuminismo","Denis Diderot","Francia"
"Linguaggio di programmazione C","1972","Linguaggio di programmazione influente, utilizzato ampiamente ancora oggi","Dennis Ritchie","Stati Uniti"
"Fondazione di Cartagine","-814","Fondazione della citt‡ fenicia di Cartagine","Dido","Cartagine"
"GPS","1973","Sistema di navigazione satellitare che fornisce posizione e orario in qualsiasi condizione atmosferica","Dipartimento della Difesa degli Stati Uniti","Stati Uniti"
"Trattato di Utrecht","1713","Fine della guerra di successione spagnola","Diplomatici europei","Europa"
"Battaglia di Lepanto","1571","Battaglia navale, vittoria su Ottomani","Don Giovanni d'Austria","Mediterraneo"
"Cerotto","1920","Fasciatura adesiva per piccole ferite","Earle Dickson","Stati Uniti"
"Vaccino","1796","Il vaccino Ë una preparazione biologica che fornisce immunit‡ acquisita attiva contro una malattia specifica","Edward Jenner","Regno Unito"
"Teoria del Caos","1963","Studio dei sistemi dinamici sensibili alle condizioni iniziali","Edward Lorenz","Stati Uniti"
"Editto di Nantes","1598","Tolleranza ufficiale per Ugonotti","Enrico IV di Francia","Francia"
"Struttura atomica","1911","Modello di Rutherford che ha rivoluzionato la comprensione della materia","Ernest Rutherford","Nuova Zelanda"
"Pilastro di Elettricit‡ Statica","1745","Dispositivo per generare elettricit‡ statica, fondamentale per gli studi sull'elettricit‡","Ewald Georg von Kleist","Germania"
"Pubblicazione di Il grande Gatsby","1925","Romanzo simbolo del sogno americano e della sua corruzione.","F. Scott Fitzgerald","Stati Uniti"
"Aspirina","1897","Uno dei primi e pi˘ ampiamente usati farmaci antinfiammatori","Felix Hoffmann","Germania"
"Inizio della Prima Guerra Mondiale","1914","Assassinio di Ferdinando scatena la Grande Guerra","Francesco Ferdinando d'Austria","Austria-Ungheria"
"Il Canzoniere di Petrarca","1336","Raccolta di poesie che ha segnato la lirica amorosa","Francesco Petrarca","Italia"
"Motore a reazione","1930","Motore che espelle getti ad alta velocit‡ per generare spinta","Frank Whittle, Hans von Ohain","Regno Unito, Germania"
"Frigorifero","1913","Apparecchio elettrico per mantenere cibi e bevande freschi.","Fred W. Wolf","Stati Uniti"
"Insulina","1921","Ormone utilizzato per trattare il diabete, essenziale per la regolazione della glicemia","Frederick Banting, Charles Best","Canada"
"Teoria delle Stringhe","1960","Modello teorico che ipotizza componenti fondamentali dell'universo come stringhe vibranti","Gabriele Veneziano","Italia"
"Termometro","1593","Strumento per misurare la temperatura","Galileo Galilei","Italia"
"Chitarra elettrica","1931","Strumento musicale che utilizza pickup per convertire la vibrazione delle corde in segnali elettrici","George Beauchamp","Stati Uniti"
"Velcro","1948","Sistema di chiusura a strappo","George de Mestral","Svizzera"
"Rivoluzione Americana","1775","Inizio della formazione degli USA","George Washington","Stati Uniti d'America"
"Teoria del Big Bang","1927","Modello cosmologico che descrive l'espansione dell'universo","Georges LemaÓtre","Belgio"
"Sistema Operativo","1956","Software che gestisce le risorse hardware di un computer e fornisce servizi ai programmi software","GM-NAA I/O","Stati Uniti"
"Codice binario","1689","Sistema di rappresentazione di testi o istruzioni in forma di 0 e 1","Gottfried Wilhelm Leibniz","Germania"
"Revoluzione Gloriosa","1688","Inizio della monarchia costituzionale inglese","Guglielmo d'Orange","Inghilterra"
"Rivoluzione Gloriosa","1688","Non violenta rivoluzione che limitÚ i poteri della monarchia inglese","Guglielmo III","Inghilterra"
"Battaglia di Hastings","1066","Normanni vincono, influenzano l'Inghilterra","Guglielmo il Conquistatore","Inghilterra"
"Radio","1895","Tecnologia per la trasmissione di suoni a distanza mediante onde radio","Guglielmo Marconi","Italia"
"Linguaggio di programmazione Python","1991","Linguaggio di programmazione ad alto livello, versatile e ampiamente utilizzato","Guido van Rossum","Paesi Bassi"
"Codice di Hammurabi","-1750","Primo codice di leggi scritte","Hammurabi","Babilonia"
"Microscopio","1590","Strumento che permette di vedere oggetti troppo piccoli per essere visti ad occhio nudo","Hans e Zacharias Jansen","Paesi Bassi"
"Telescopio","1608","Strumento ottico per osservare oggetti distanti, in particolare nel cielo","Hans Lippershey","Paesi Bassi"
"Bombardamenti atomici di Hiroshima e Nagasaki","1945","Bombe atomiche segnano la fine della Seconda Guerra Mondiale.","Harry S. Truman","Giappone"
"Velivolo a propulsione jet","1939","Aeromobile spinto da motori a getto","Heinkel He 178","Germania"
"Radioattivit‡","1896","Fenomeno di emissione di particelle da materiali instabili","Henri Becquerel","Francia"
"Rayon","1891","Prima fibra artificiale, importante nello sviluppo dei tessuti sintetici","Hilaire de Chardonnet","Francia"
"Scritti di Hildegard von Bingen","1150","Compositrice e mistica, autrice di testi visionari","Hildegard von Bingen","Germania"
"Scoperta della tomba di Tutankhamon","1922","Scoperte archeologiche che hanno influenzato l'arte egizia","Howard Carter","Egitto"
"Word Processor","1964","Software per la creazione, modifica e stampa di documenti testuali","IBM","Stati Uniti"
"Microprocessore","1971","Cuore di un computer, esegue istruzioni di un programma di computer","Intel","Stati Uniti"
"Leggi di Newton","1687","Tre leggi fondamentali del moto che hanno gettato le basi per la meccanica classica","Isaac Newton","Regno Unito"
"Calcolo Differenziale","1684","Fondamentale branca della matematica sviluppata per studiare tassi di variazione","Isaac Newton, Gottfried Wilhelm Leibniz","Regno Unito, Germania"
"Circuito Integrato","1958","Microcircuiti elettronici su un piccolo pezzo di materiale semiconduttore","Jack Kilby, Robert Noyce","Stati Uniti"
"DNA doppia elica","1953","Scoperta della struttura a doppia elica del DNA, fondamentale per la genetica","James Watson, Francis Crick","Regno Unito"
"Invenzione della stampa a olio","1420","Tecnica rivoluzionaria nell'arte europea","Jan van Eyck","Paesi Bassi"
"Le Fables di Jean de La Fontaine","1668","Collezione di poesie che illustra la condotta umana","Jean de La Fontaine","Francia"
"I dolori del giovane Werther","1774","Romanzo epistolare che ha ispirato il movimento Sturm und Drang","Johann Wolfgang von Goethe","Germania"
"Nascita di Johann Wolfgang von Goethe","1749","Drammaturgo tedesco, figura centrale del Romanticismo","Johann Wolfgang von Goethe","Germania"
"Invenzione della stampa","1440","Gutenberg inventÚ la stampa a caratteri mobili","Johannes Gutenberg","Sacro Romano Impero"
"Stampa a caratteri mobili","1440","Tecnologia di stampa che usa caratteri mobili, rivoluzionaria per la diffusione della conoscenza","Johannes Gutenberg","Germania"
"Stampa della Bibbia di Gutenberg","1455","Primo libro stampato con caratteri mobili","Johannes Gutenberg","Germania"
"Transistor","1947","Componente elettronico fondamentale per amplificare e controllare correnti elettriche","John Bardeen, Walter Brattain, William Shockley","Stati Uniti"
"Computer","1946","Macchine elettroniche programmabili per elaborare dati e eseguire calcoli complessi.","John Presper Eckert, John W. Mauchly","Stati Uniti"
"Magnetron","1940","Tubo che produce microonde, utilizzato in radar e forni a microonde","John Randall, Harry Boot","Regno Unito"
"Teoria dei giochi","1944","Ramo della matematica applicata che studia situazioni strategiche","John von Neumann, Oskar Morgenstern","Ungheria, Austria"
"Fotografia","1826","Processo di cattura di immagini permanenti attraverso l'azione della luce","Joseph NicÈphore NiÈpce","Francia"
"Robot","1921","Macchina automatizzata che puÚ eseguire compiti","Karel ?apek","Repubblica Ceca"
"Radioastronomia","1931","Studio degli oggetti celesti tramite le loro emissioni radio","Karl Jansky","Stati Uniti"
"Teorema di Gˆdel","1931","Enunciati matematici che dimostrano i limiti della dimostrabilit‡","Kurt Gˆdel","Austria"
"Conferenza di Bretton Woods","1944","Sistema finanziario post-seconda guerra mondiale","Leader mondiali","Internazionale"
"Creazione del Codice Atlantico","1487","Raccolta di disegni e scritti di Leonardo da Vinci","Leonardo da Vinci","Italia"
"Nascita di Leonardo da Vinci","1452","Genio del Rinascimento italiano","Leonardo da Vinci","Italia"
"Ornitottero","1485","Progetto di un dispositivo di volo meccanico ispirato agli uccelli","Leonardo da Vinci","Italia"
"Pubblicazione di Guerra e Pace","1869","Romanzo epico di Lev Tolstoj sulla societ‡ russa","Lev Tolstoj","Russia"
"Penna stilografica","1884","Strumento di scrittura che utilizza inchiostro da un serbatoio interno","Lewis Waterman","Stati Uniti"
"Sistema Operativo Linux","1991","Sistema operativo open-source basato sul kernel Linux","Linus Torvalds","Finlandia"
"Rayon (seta artificiale)","1891","Fibra artificiale prodotta dall'uomo, usata in tessuti","Louis Marie Hilaire Bernigaud","Francia"
"Trattato di Verdun","843","Divisione dell'impero carolingio","Ludovico il Pio","Europa"
"Inizio della Rivoluzione Francese","1789","Presa della Bastiglia e inizio della caduta della monarchia","Luigi XVI di Francia","Francia"
"Indipendenza dell'India","1947","Fine del dominio britannico sull'India","Mahatma Gandhi","India"
"Globo","1492","Modello sferico che rappresenta la Terra o altri corpi celesti","Martin Behaim","Germania"
"Riforma Protestante","1517","Lutero e le 95 tesi iniziano la Riforma Protestante","Martin Lutero","Sacro Romano Impero"
"Teoria dei quanti","1900","Base della meccanica quantistica, descrive la natura a livelli subatomici","Max Planck","Germania"
"Caduta di Costantinopoli","1453","Caduta della citt‡ ai Turchi, fine dell'Impero Bizantino","Mehmed II","Impero Bizantino"
"Conquista di Costantinopoli","1453","Fine dell'Impero Romano d'Oriente","Mehmed II","Impero Bizantino"
"Motore elettrico","1831","Dispositivo che converte energia elettrica in energia meccanica","Michael Faraday","Regno Unito"
"Creazione della Cappella Sistina","1512","Capolavoro di Michelangelo nella Citt‡ del Vaticano","Michelangelo","Italia"
"Pubblicazione di Don Chisciotte","1605","Opuscolo che fonda il moderno romanzo europeo","Miguel de Cervantes","Spagna"
"Battaglia di Marathon","-490","Battaglia cruciale nella prima guerra persiana","Milziade","Grecia"
"Primo videoarte di Nam June Paik","1963","Pioniere dell'arte dei media elettronici","Nam June Paik","Corea del Sud"
"Battaglia di Waterloo","1815","Sconfitta di Napoleone e fine delle Guerre Napoleoniche","Napoleone Bonaparte","Francia"
"Fibra Ottica","1956","Tecnologia per trasmettere dati sotto forma di impulsi di luce","Narinder Singh Kapany","Stati Uniti"
"Telescopio spaziale Hubble","1990","Telescopio orbitante che fornisce immagini dettagliate dello spazio","NASA","Stati Uniti"
"Orologio atomico","1949","Orologio che misura il tempo con grande precisione tramite frequenze atomiche","National Bureau of Standards (NBS)","Stati Uniti"
"Trattato di Westfalia","1648","Fine della guerra dei Trent'anni","Negotiati di pace","Europa"
"Invenzione della fotografia","1826","Inizio dell'era della fotografia","NicÈphore NiÈpce","Francia"
"Macchina fotografica","1816","Dispositivo per catturare immagini, antenata delle moderne fotocamere","NicÈphore NiÈpce","Francia"
"Composizione dell'Iliade","-800","Uno dei primi poemi epici della storia","Omero","Grecia"
"Realizzazione del Guernica di Picasso","1937","Opera di Pablo Picasso, simbolo della guerra civile spagnola","Pablo Picasso","Spagna"
"Scoperta del Brasile","1500","Portoghesi raggiungono l'attuale Brasile","Pedro ¡lvares Cabral","Brasile"
"Televisione","1927","Tecnologia per la trasmissione di immagini in movimento e suono","Philo Farnsworth","Stati Uniti"
"Teorema di Fermat","1637","Enunciato nella teoria dei numeri, famoso per la sua dimostrazione tardiva","Pierre de Fermat","Francia"
"Battaglia di Poltava","1709","Decisiva vittoria russa su Svezia","Pietro il Grande","Russia"
"Teorema di Pitagora","-530","Fondamentale relazione matematica tra i lati di un triangolo rettangolo","Pitagora","Grecia"
"Conferenza di Berlino","1884","Regolamentazione coloniale dell'Africa","Potenze coloniali","Africa"
"Firma della Magna Carta","1215","Limita il potere regale e basi del diritto costituzionale","Re Giovanni d'Inghilterra","Inghilterra"
"Stetoscopio","1816","Strumento medico per ascoltare i suoni interni del corpo","RenÈ Laennec","Francia"
"Radar","1935","Tecnologia per rilevare la posizione e il movimento di oggetti tramite onde radio","Robert Watson-Watt","Regno Unito"
"Caduta dell'Impero Romano","476","Fine dell'Impero Romano d'Occidente e inizio Medioevo","Romolo Augustolo","Impero Romano"
"Battaglia di Ain Jalut","1260","Mongoli fermati dai Mamelucchi","Saif ad-Din Qutuz","Mongolia/Mamelucchi"
"Invenzione del telegrafo","1837","Comunicazione a distanza rivoluzionata","Samuel Morse","Stati Uniti d'America"
"Pamela di Samuel Richardson","1740","Romanzo che ha influenzato la narrativa epistolare","Samuel Richardson","Inghilterra"
"Inizio della costruzione del Taj Mahal","1632","Maestoso mausoleo in India, capolavoro dell'arte islamica","Shah Jahan","India"
"CD-ROM","1982","Supporto di memorizzazione ottico utilizzato per archiviare dati in formato digitale","Sony, Philips","Giappone, Paesi Bassi"
"Macchina Fotografica Digitale","1975","Dispositivo per catturare immagini in forma digitale","Steven Sasson","Stati Uniti"
"Magnetismo","-600","Fenomeno fisico per cui materiali esercitano forze attrattive o repulsive","Tales","Grecia"
"Laser","1960","Dispositivo che emette luce attraverso un processo di amplificazione ottica","Theodore Maiman","Stati Uniti"
"Lampadina","1879","Dispositivo che emette luce quando una corrente elettrica lo attraversa","Thomas Edison","Stati Uniti"
"Lampadina elettrica","1879","Dispositivo che emette luce quando un filamento viene riscaldato dall'elettricit‡","Thomas Edison","Stati Uniti"
"Dichiarazione di indipendenza degli USA","1776","Le 13 colonie dichiarano indipendenza dalla Gran Bretagna","Thomas Jefferson","Stati Uniti d'America"
"La montagna incantata di Thomas Mann","1924","Romanzo filosofico che riflette sulle crisi del tempo","Thomas Mann","Germania"
"Macchina a vapore","1712","Invenzione cruciale che ha permesso il progresso dell'era industriale","Thomas Newcomen","Regno Unito"
"HTML","1993","Linguaggio di markup standard per la creazione di pagine web","Tim Berners-Lee","Regno Unito"
"Fondazione del Dadaismo","1916","Movimento artistico che ha rifiutato le convenzioni","Tristan Tzara","Svizzera"
"Editoria Elettronica","1980","Tecnologia per la pubblicazione di contenuti attraverso mezzi elettronici","Varie aziende","Internazionale"
"Fantascienza","1920","Genere letterario basato su impatti ipotetici di scienza e tecnologia sul futuro","Varie figure letterarie","Internazionale"
"Postmodernismo","1960","Movimento letterario e culturale caratterizzato da un atteggiamento di sfida verso le convenzioni","Varie figure letterarie","Internazionale"
"Realismo","1850","Movimento letterario incentrato sulla rappresentazione fedele della realt‡ quotidiana","Varie figure letterarie","Europa"
"Romanticismo","1800","Movimento artistico, letterario e culturale che enfatizzava l'emozione e l'individualit‡","Varie figure letterarie","Europa"
"Poesia Modernista","1890","Movimento poetico che rompeva con le convenzioni passate, enfatizzando il simbolismo e il sperimentalismo","Varie figure poetiche","Europa e Stati Uniti"
"Nascita di Vincent van Gogh","1853","Pittore olandese, figura chiave del post-impressionismo","Vincent van Gogh","Paesi Bassi"
"Internet","1960","Rete globale di computer che ha rivoluzionato la comunicazione e l'accesso alle informazioni","Vint Cerf, Bob Kahn","Stati Uniti"
"Unificazione dell'Italia","1861","Vittorio Emanuele II diventa primo re dell'Italia unificata","Vittorio Emanuele II","Italia"
"Rivoluzione Russa","1917","Rivoluzione porta al primo governo comunista al mondo","Vladimir Lenin","Russia"
"Fondazione della Bauhaus","1919","Scuola di design che ha influenzato l'architettura moderna","Walter Gropius","Germania"
"Cerniera lampo","1893","Dispositivo di chiusura utilizzato in abbigliamento e borse.","Whitcomb L. Judson","Stati Uniti"
"Radiografia (Raggi X)","1895","Tecnica di imaging medico che utilizza raggi X per visualizzare l'interno del corpo","Wilhelm Conrad Rˆntgen","Germania"
"Elettricit‡","1600","Fenomeno fisico associato alla presenza e al flusso di carica elettrica.","William Gilbert","Regno Unito"
"Nascita di William Shakespeare","1564","Drammaturgo inglese, figura preminente della letteratura.","William Shakespeare","Inghilterra"
"Pacemaker","1958","Dispositivo che regola il battito cardiaco.","Wilson Greatbatch","Stati Uniti"
"Sismografo","132","Strumento per rilevare e registrare terremoti.","Zhang Heng","Cina"
