Descrizione Breve,Anno di Scoperta,Descrizione Lunga,Nome Inventore,Paese
 Philosophiae Naturalis Principia Mathematica di Newton,1687,Isaac Newton pubblica i Philosophiae Naturalis Principia Mathematica,,
Divorzio di velluto tra Repubblica Ceca e Slovacchia,1993,Divorzio di velluto tra Repubblica Ceca e Slovacchia,,
La montagna incantata di Thomas Mann,1924,Romanzo filosofico che riflette sulle crisi del tempo,Thomas Mann,Germania
Le Fables di Jean de La Fontaine,1668,Collezione di poesie che illustra la condotta umana,Jean de La Fontaine,Francia
Pamela di Samuel Richardson,1740,Romanzo che ha influenzato la narrativa epistolare,Samuel Richardson,Inghilterra
Abdicazione di Napoleone e esilio all'Elba,1814,Abdicazione di Napoleone e esilio all'Elba,,
Abolizione del Califfato da parte di Kemal Atatürk,1924,Abolizione del Califfato da parte di Kemal Atatürk,,
Abolizione della monarchia in Nepal,2008,Abolizione della monarchia in Nepal,,
Abolizione della servitù della gleba in Russia,1861,Abolizione della servitù della gleba in Russia,,
Accordo di Monaco,1938,Accordo di Monaco che cedette la Cecoslovacchia alla Germania nazista,,
Addomesticamento di capre e cani nel Medio Oriente,-10000,Addomesticamento di capre e cani nel Medio Oriente,,
Angela Merkel Cancelliere della Germania,2005,Angela Merkel divenne la prima donna Cancelliere della Germania,,
Apertura del Canale di Panama,1914,Apertura del Canale di Panama,,
Apertura del Royal Albert Hall a Londra,1871,Apertura del Royal Albert Hall a Londra,,
Apertura del Tunnel della Manica,1994,Apertura del Tunnel della Manica,,
Ascesa dell'Impero Persiano,-653,Ascesa dell'Impero Persiano,,
Aspirina,1897,L'aspirina,Felix Hoffmann,Germania
Assasinio di Abraham Lincoln,1865,"Il Presidente degli Stati Uniti, Abraham Lincoln, fu assassinato",,
Assassinio dell'Arciduca Franz Ferdinand d'Austria a Sarajevo,1914,"Gavrilo Princip assassinò l'Arciduca Franz Ferdinand d'Austria a Sarajevo, innescando la Prima Guerra Mondiale",,
Assassinio di John F Kennedy,1963,Assassinio di John F Kennedy,,
Assassinio di Martin Luther King Jr e Robert F Kennedy ,1968,Martin Luther King Jr e Robert F Kennedy furono assassinati durante la Campagna dei Poveri,,
Attacchi terroristici 11 settembre ,2001,"Attacchi terroristici distrussero il World Trade Center a New York e danneggiarono il Pentagono a Washington, DC",,
Attacco a Pearl Harbor,1941,Attacco a Pearl Harbor che costrinse gli USA ad entrare nella Seconda Guerra Mondiale,,
Battaglia del fiume Idaspe,-326,"Nella battaglia del fiume Idaspe, Alessandro Magno sconfigge il re indiano Porus",,
Battaglia del Kosovo,1389,Battaglia del Kosovo,,
Battaglia di Ain Jalut,1260,Mongoli fermati dai Mamelucchi,Saif ad-Din Qutuz,Mongolia/Mamelucchi
Battaglia di Austerlitz,1805,"Nella battaglia di Austerlitz, Napoleone sconfigge esercito austro-russo",,
Battaglia di Azio,-31,"Ottaviano diventa Augusto, primo imperatore",Augusto,Impero Romano
Battaglia di Berlino,1945,Battaglia di Berlino,,
Battaglia di Cheronea,-338,"Nella battaglia di Cheronea, il re Filippo II sconfigge le forze combinate delle città-stato greche Atene e Tebe",,
Battaglia di Gaugamela,-331,"Nella battaglia di Gaugamela, Alessandro Magno sconfigge Dario III di Persia",,
Battaglia di Hastings,1066,"Normanni vincono, influenzano l'Inghilterra",Guglielmo il Conquistatore,Inghilterra
Battaglia di Lepanto,1571,"Battaglia navale, vittoria su Ottomani",Don Giovanni d'Austria,Mediterraneo
Battaglia di Maratona,-490,Battaglia cruciale nella prima guerra persiana,Milziade,Grecia
Battaglia di Maratona,-490,Battaglia di Maratona,,
Battaglia di Poltava,1709,Decisiva vittoria russa su Svezia,Pietro il Grande,Russia
Battaglia di Stalingrado,1943,Battaglia di Stalingrado terminò con oltre due milioni di vittime e la ritirata dell'esercito tedesco,,
Battaglia di Waterloo,1815,Sconfitta di Napoleone e fine delle Guerre Napoleoniche,Napoleone Bonaparte,Francia
Bombardamenti atomici di Hiroshima e Nagasaki,1945,Bombe atomiche segnano la fine della Seconda Guerra Mondiale,Harry S Truman,Giappone
Boris Yeltsin Presidente della Federazione Russa,1991,Boris Yeltsin divenne il primo Presidente della Federazione Russa,,
Caduta del Muro di Berlino,1989,Caduta del Muro di Berlino,,
Caduta dell'Impero Romano,476,Fine dell'Impero Romano d'Occidente e inizio Medioevo,Romolo Augustolo,Impero Romano
Caduta di Costantinopoli,1453,"Caduta della città ai Turchi, fine dell'Impero Bizantino",Mehmed II,Impero Bizantino
Caduta di Granada,1492,Fine del regno musulmano in Spagna,Boabdil,Spagna
Calcolatrice,1642,"Strumento per eseguire calcoli matematici, dalla semplice addizione alla complessa programmazione",Blaise Pascal,Francia
Calcolo Differenziale,1684,Fondamentale branca della matematica sviluppata per studiare tassi di variazione,"Isaac Newton, Gottfried Wilhelm Leibniz","Regno Unito, Germania"
Carestia irlandese delle patate che portò alla diaspora irlandese,1845,Carestia irlandese delle patate che portò alla diaspora irlandese,,
CD-ROM,1982,Supporto di memorizzazione ottico utilizzato per archiviare dati in formato digitale,"Sony, Philips","Giappone, Paesi Bassi"
Cerniera lampo,1893,Dispositivo di chiusura utilizzato in abbigliamento e borse,Whitcomb L Judson,Stati Uniti
Cerotto,1920,Fasciatura adesiva per piccole ferite,Earle Dickson,Stati Uniti
Chip RFID,1983,"Tecnologia per l'identificazione automatica di oggetti, animali o persone",Charles Walton,Stati Uniti
Chitarra elettrica,1931,Strumento musicale che utilizza pickup per convertire la vibrazione delle corde in segnali elettrici,George Beauchamp,Stati Uniti
Circuito integrato,1958,Microcircuiti elettronici su un piccolo pezzo di materiale semiconduttore,"Jack Kilby, Robert Noyce",Stati Uniti
Civiltà della Valle dell'Indo,-2600,Civiltà della Valle dell'Indo,,
Codice binario,1689,Sistema di rappresentazione di testi o istruzioni in forma di 0 e 1,Gottfried Wilhelm Leibniz,Germania
Codice di Hammurabi,-1750,Primo codice di leggi scritte,Hammurabi,Babilonia
Comparsa della scrittura alfabetica,-1800,Comparve la scrittura alfabetica,,
Composizione del Poema di Gilgamesh,-2100,Antico poema epico mesopotamico,Autore sconosciuto,Mesopotamia
Composizione dell'Iliade,-800,Uno dei primi poemi epici della storia,Omero,Grecia
Computer,1946,Macchine elettroniche programmabili per elaborare dati e eseguire calcoli complessi,"John Presper Eckert, John W Mauchly",Stati Uniti
Concilio di Nicea,325,Primo concilio che definì uniformità nella cristianità,Costantino il Grande,Impero Romano
Conferenza di Berlino,1884,Regolamentazione coloniale dell'Africa,Potenze coloniali,Africa
Conferenza di Bretton Woods,1944,Sistema finanziario post-seconda guerra mondiale,Leader mondiali,Internazionale
Conferenza di Potsdam divise l'Europa in blocchi ,1945,La Conferenza di Potsdam (Seconda Guerra Mondiale) divise l'Europa in blocchi occidentali e sovietici,,
Conferenza di Teheran ,1943,"Conferenza di Teheran con la partecipazione di Franklin Roosevelt, Winston Churchill e Joseph Stalin; tutti concordarono di avviare l'Operazione Overlord",,
Conferenza di Yalta,1945,Conferenza di Yalta,,
Conquista cinese del Regno di Tungning e annessione Taiwan,1683,La Cina conquistò il Regno di Tungning e annesse Taiwan,,
Conquista di Costantinopoli,1453,Fine dell'Impero Romano d'Oriente,Mehmed II,Impero Bizantino
Contratto Gran Bretagna-Cina su Hong Kong,1898,La Gran Bretagna ottenne un contratto di locazione di 99 anni su Hong Kong dalla Cina,,
Coronazione di Carlo Magno,800,Fondazione Sacro Romano Impero,Carlo Magno,Sacro Romano Impero
Costruzione dell'Empire State Building,1931,Costruzione dell'Empire State Building,,
Creazione del Codice Atlantico,1487,Raccolta di disegni e scritti di Leonardo da Vinci,Leonardo da Vinci,Italia
Creazione dell'arte concettuale,1960,Movimento artistico che privilegia l'idea sull'oggetto,Artisti vari,Internazionale
Creazione della Cappella Sistina,1512,Capolavoro di Michelangelo nella Città del Vaticano,Michelangelo,Italia
Creazione della NATO,1949,Creazione della NATO (Organizzazione del Trattato dell'Atlantico del Nord),,
Creazione di Topolino,1928,Creazione di Topolino (Mickey Mouse) ai Walt Disney Studios,,
Creazione tavola di Mendeleev,1869,Dmitri Mendeleev creò la tavola periodica,,
Crisi dei missili di Cuba,1962,Crisi dei missili di Cuba,,
Crollo dei mercati azionari in tutto il mondo,2008,Crollo dei mercati azionari in tutto il mondo,,
Crollo di Wall Street del 1929 e inizio della Grande Depressione,1929,Crollo di Wall Street del 1929 e inizio della Grande Depressione,,
D-Day ,1944,D-Day (termini militari associati all'invasione della Normandia),,
Dichiarazione Balfour,1917,Sostegno britannico per una casa ebraica,Arthur James Balfour,Palestina
Dichiarazione d'indipendenza Americana del 4 luglio,1776,"Negli USA, seconda riunione del Congresso Continentale e dichiarazione d'indipendenza il 4 luglio",,
Dichiarazione d'indipendenza degli USA,1776,Le 13 colonie dichiarano indipendenza dalla Gran Bretagna,Thomas Jefferson,Stati Uniti d'America
Dichiarazione della Dottrina Monroe,1823,Dichiarazione della Dottrina Monroe dal Presidente USA James Monroe,,
Dinastia Sui in Cina,581,Dinastia Sui in Cina,,
Disastro di Chernobyl,1986,Disastri di Chernobyl,,
Dissoluzione dell'Unione Sovietica ,1991,Dissoluzione dell'Unione Sovietica e conseguente indipendenza di 15 ex repubbliche sovietiche,,
Divisione della Corea del Nord e della Corea del Sud,1948,Divisione della Corea del Nord e della Corea del Sud,,
DNA a doppia elica,1953,"Scoperta della struttura a doppia elica del DNA, fondamentale per la genetica","James Watson, Francis Crick",Regno Unito
E=mc² ,1905,Formula che mostra la relazione tra massa ed energia,Albert Einstein,Germania
Editoria elettronica,1980,Tecnologia per la pubblicazione di contenuti attraverso mezzi elettronici,Varie aziende,Internazionale
Editto di Milano,313,Editto che proclamò tolleranza religiosa nell'Impero Romano,Costantino il Grande,Impero Romano
Editto di Nantes,1598,Tolleranza ufficiale per Ugonotti,Enrico IV di Francia,Francia
Elezione di Franklin D Roosevelt a Presidente degli Stati Uniti,1932,Elezione di Franklin D Roosevelt a Presidente degli Stati Uniti,,
Elezione di Nelson Mandela,1994,Fine dell'apartheid in Sudafrica e successiva elezione di Nelson Mandela,,
Ellen Johnson Sirleaf Presidente della Liberia,2006,"Ellen Johnson Sirleaf è diventata Presidente della Liberia, la prima donna eletta capo di stato in Africa",,
Emergenza dei sedici Maha Janapadas in India,-600,Emergenza dei sedici Maha Janapadas in India,,
Eruzione del Vesuvio che distrusse Pompei,79,Eruzione del Vesuvio che distrusse Pompei e altre città (in Italia),,
Esecuzione di Saddam Hussein,2006,Esecuzione di Saddam Hussein,,
Età del ferro,-2000,Età del ferro,,
Evoluzione della civiltà sumera tra i fiumi Eufrate e Tigri,-5000,Evoluzione della civiltà sumera tra i fiumi Eufrate e Tigri,,
Fantascienza,1920,Genere letterario basato su impatti ipotetici di scienza e tecnologia sul futuro,Varie figure letterarie,Internazionale
Febbre dell'oro,1848,Febbre dell'oro in California,,
Fibra ottica,1956,Tecnologia per trasmettere dati sotto forma di impulsi di luce,Narinder Singh Kapany,Stati Uniti
"Filippo II assunse Aristotele come tutore di suo figlio, Alessandro",-337,"Filippo II creò una forte e unificata nazione in Macedonia e assunse Aristotele come tutore di suo figlio, Alessandro",,
Filippo II fu assassinato e Alessandro divenne re,-336,Filippo II fu assassinato e Alessandro divenne re,,
Fine dell'Impero Cinese e istituzione della Repubblica di Cina,1912,Fine dell'Impero Cinese e istituzione della Repubblica di Cina,,
Fine della Civiltà della Valle dell'Indo,-1700,Fine della Civiltà della Valle dell'Indo,,
Fine della Guerra del Golfo,1991,Fine della Guerra del Golfo dopo il ritiro degli USA e il fallimento della rivolta,,
Fine della Guerra in Iraq,2011,Fine della Guerra in Iraq,,
Fine della Prima Guerra Mondiale,1918,Fine della Prima Guerra Mondiale,,
Fine della Seconda Guerra Mondiale ,1945,Fine della Seconda Guerra Mondiale in Europa; conclusione dell'Olocausto con circa 12 milioni di morti,,
Firma della Magna Carta,1215,Limita il potere regale e basi del diritto costituzionale,Re Giovanni d'Inghilterra,Inghilterra
Firmato il Patto di Varsavia,1955,Firmato il Patto di Varsavia,,
Fondazione Città del Capo ,1652,La Compagnia olandese delle Indie orientali fondò la città di Città del Capo in Sudafrica,,
Fondazione del Dadaismo,1916,Movimento artistico che ha rifiutato le convenzioni,Tristan Tzara,Svizzera
"Fondazione del primo Parco Nazionale, il Yellowstone",1872,"Fondazione del primo Parco Nazionale, il Yellowstone",,
Fondazione del primo raffineria di petrolio al mondo in Romania,1856,Fondazione del primo raffineria di petrolio al mondo in Romania,,
Fondazione dell'Università di Cambridge,1209,Fondazione dell'Università di Cambridge,,
Fondazione dell'Università di Harvard ,1636,"Fondazione dell'Università di Harvard a Cambridge, Massachusetts, USA",,
Fondazione dell'Università di Oxford,1117,Fondazione dell'Università di Oxford,,
Fondazione dell'Università di Parigi,1150,Fondazione dell'Università di Parigi,,
Fondazione della Banca d'Inghilterra,1694,Fondazione della Banca d'Inghilterra,,
Fondazione della banca Medici a Firenze,1397,Fondazione della banca Medici a Firenze,,
Fondazione della Bauhaus,1919,Scuola di design che ha influenzato l'architettura moderna,Walter Gropius,Germania
Fondazione della città di Boston,1632,Fondazione della città di Boston,,
Fondazione della Corte Internazionale di Giustizia all'Aia,1920,Fondazione della Corte Internazionale di Giustizia all'Aia nei Paesi Bassi,,
"Fondazione della Nuova Zelanda, con la firma del Trattato di Waitangi tra Māori e britannici",1840,"Fondazione della Nuova Zelanda, con la firma del Trattato di Waitangi tra Māori e britannici",,
Fondazione della Repubblica Popolare Cinese,1949,Fondazione della Repubblica Popolare Cinese sotto la guida di Mao Zedong,,
Fondazione della Società delle Nazioni a Parigi,1919,Fondazione della Società delle Nazioni a Parigi,,
Fondazione delle Nazioni Unite,1945,Fondazione delle Nazioni Unite,,
Fondazione di Baghdad,762,Baghdad diventa capitale islamica,Califfo al-Mansur,Califfato Abbaside
Fondazione di Cartagine,-814,Fondazione della città fenicia di Cartagine,Dido,Cartagine
Fondazione di Google,1998,Fondazione di Google da parte di Larry Page e Sergey Brin,,
Fondazione di Roma,-753,La città di Roma fu fondata da Romolo,,
Fondazione di Wikipedia,2001,Fondazione di Wikipedia,,
Fondazione Università Imperiale della Cina,-124,Fu fondata l'Università Imperiale della Cina,,
Fotografia,1826,Processo di cattura di immagini permanenti attraverso l'azione della luce,Joseph Nicéphore Niépce,Francia
Frigorifero,1913,Frigorifero,Fred W Wolf,Stati Uniti
Gesù Cristo crocifisso,29,Gesù Cristo crocifisso,,
Giovanni d'Inghilterra sigilla la Magna Carta,1215,Giovanni d'Inghilterra sigilla la Magna Carta,,
Gli eserciti di Tito distrussero Gerusalemme,70,Gli eserciti di Tito distrussero Gerusalemme,,
Gli schiavi liberati da Londra fondarono Freetown (Sierra Leone),1787,"Gli schiavi liberati da Londra fondarono Freetown (Africa Occidentale), l'odierna Sierra Leone",,
Gli Stati Uniti e Cuba ripresero le relazioni diplomatiche,2015,Gli Stati Uniti e Cuba ripresero le relazioni diplomatiche,,
Gli Stati Uniti si unirono agli Alleati per la Prima Guerra Mondiale,1917,Gli Stati Uniti si unirono agli Alleati (paesi) per gli ultimi 17 mesi della Prima Guerra Mondiale,,
GPS,1973,Sistema di navigazione satellitare che fornisce posizione e orario in qualsiasi condizione atmosferica,Dipartimento della Difesa degli Stati Uniti,Stati Uniti
Grande Piramide di Cholula costruita,-300,Grande Piramide di Cholula costruita,,
Grande Piramide di Giza,-2560,Grande Piramide di Giza,,
Guerra di Crimea,1854,Guerra di Crimea (combattuta tra Russia e Turchia),,
Guerra russo-giapponese,1904,Guerra russo-giapponese,,
Guerra sino-indiana,1962,Guerra sino-indiana,,
Guerre greco-persiane,-499,Guerre greco-persiane,,
Haiti raggiunge l'indipendenza dalla Francia ,1804,Haiti raggiunge l'indipendenza dalla Francia ,,
Hawaii diventa territorio ufficiale degli USA,1900,Hawaii diventa territorio ufficiale degli USA,,
Hitler Cancelliere della Germania,1933,Adolf Hitler divenne Cancelliere della Germania,,
Hitler Führer del Partito Nazista,1921,"Adolf Hitler divenne il Führer (guida, leader) del Partito Nazista",,
Hitler invade l'Unione Sovietica,1941,Hitler invade l'Unione Sovietica,,
HTML,1993,Linguaggio di markup standard per la creazione di pagine web,Tim Berners-Lee,Regno Unito
I coloni spagnoli fondarono la città di Los Angeles,1781,I coloni spagnoli fondarono la città di Los Angeles,,
I dolori del giovane Werther,1774,Romanzo epistolare che ha ispirato il movimento Sturm und Drang,Johann Wolfgang von Goethe,Germania
I primi matite di grafite furono usate,1795,I primi matite di grafite furono usate,,
I primi soldi di carta furono emessi negli Stati Uniti,1862,I primi soldi di carta furono emessi negli Stati Uniti,,
Il Canale di Suez collegò il Mar Mediterraneo al Mar Rosso,1869,Il Canale di Suez collegò il Mar Mediterraneo al Mar Rosso,,
Il Canzoniere di Petrarca,1336,Raccolta di poesie che ha segnato la lirica amorosa,Francesco Petrarca,Italia
"Il Corano, il libro sacro, fu pubblicato per la prima volta",660,"Il Corano, il libro sacro, fu pubblicato per la prima volta",,
Il Federal Bureau of Investigation degli USA fu istituito sotto J Edgar Hoover,1924,Il Federal Bureau of Investigation degli USA fu istituito sotto J Edgar Hoover,,
Il Giappone invade la Cina,1937,Il Giappone invade la Cina,,
Il Giappone invade la Manciuria (Cina),1931,Il Giappone invade la Manciuria (Cina) e la occupa fino alla fine della Seconda Guerra Mondiale,,
Il governo tedesco iniziò il primo schema pensionistico pubblico per anziani,1891,Il governo tedesco iniziò il primo schema pensionistico pubblico per anziani,,
Il Grande Incendio di Londra,1666,Il Grande Incendio di Londra,,
"Il grattacielo più alto del mondo, il Burj Khalifa (a Dubai), è stato costruito",2009,"Il grattacielo più alto del mondo, il Burj Khalifa (a Dubai), è stato costruito",,
Il partito nazista divenne il più grande partito singolo nel parlamento tedesco,1932,Il partito nazista divenne il più grande partito singolo nel parlamento tedesco,,
Il più antico noto match di cricket di prima classe si tenne nel Sussex,1697,Il più antico noto match di cricket di prima classe si tenne nel Sussex,,
Il più grande sversamento di petrolio nella storia,2010,Il più grande sversamento di petrolio nella storia degli Stati Uniti si verificò nel Golfo del Messico,,
Il primo pozzo petrolifero di successo fu perforato nel nord della Pennsylvania (USA),1859,Il primo pozzo petrolifero di successo fu perforato nel nord della Pennsylvania (USA),,
Il primo sito web è stato messo online e reso disponibile al pubblico,1991,Il primo sito web è stato messo online e reso disponibile al pubblico,,
Il Primo Tempio di Gerusalemme (Tempio di Salomone) fu distrutto dai Babilonesi,-586,Il Primo Tempio di Gerusalemme (Tempio di Salomone) fu distrutto dai Babilonesi,,
Il Regno Unito di Gran Bretagna e Irlanda ,1927,Il Regno Unito di Gran Bretagna e Irlanda divenne ufficialmente il Regno Unito di Gran Bretagna e Irlanda del Nord,,
Il Trattato di Maastricht creò l'Unione Europea,1992,Il Trattato di Maastricht creò l'Unione Europea,,
Il Trattato di Versailles ridisegnò i confini europei,1919,Il Trattato di Versailles ridisegnò i confini europei,,
Implementazione del sistema di ora legale,1916,Implementazione del sistema di ora legale,,
In Cina inizia la dinastia Zhou,-1027,In Cina inizia la dinastia Zhou,,
In Francia viene completato un'enciclopedia,1765,In Francia viene completato un'enciclopedia di ventotto volumi,,
Inaugurazione della Torre Eiffel a Parigi,1889,Inaugurazione della Torre Eiffel a Parigi,,
Indipendenza dell'India,1947,Fine del dominio britannico sull'India,Mahatma Gandhi,India
Inizio dei Tre Regni in Cina,220,"Dopo la caduta della dinastia Han, iniziò il periodo dei Tre Regni in Cina",,
Inizio dell'agricoltura stanziale,-9500,Inizio dell'agricoltura stanziale,,
Inizio dell'apartheid in Sudafrica,1948,Inizio dell'apartheid in Sudafrica,,
Inizio dell'arte digitale,1960,Nuove forme espressive tramite la tecnologia,Artisti vari,Internazionale
Inizio dell'era spaziale con il lancio dello Sputnik I,1957,Inizio dell'era spaziale con il lancio dello Sputnik I,,
Inizio della costruzione del Canale di Suez,1859,Inizio della costruzione del Canale di Suez,,
Inizio della costruzione del Taj Mahal,1632,"Maestoso mausoleo in India, capolavoro dell'arte islamica",Shah Jahan,India
Inizio della costruzione della Torre di Londra,1077,Inizio della costruzione della Torre di Londra,,
Inizio della Guerra del Golfo,1990,Inizio della Guerra del Golfo,,
Inizio della Guerra in Iraq ,2003,Inizio della Guerra in Iraq che ha scatenato proteste in tutto il mondo,,
Inizio della Prima Guerra Balcanica,1912,Inizio della Prima Guerra Balcanica,,
Inizio della Prima Guerra Mondiale,1914,Assassinio di Ferdinando scatena la Grande Guerra,Francesco Ferdinando d'Austria,Austria-Ungheria
Inizio della Rivoluzione Francese,1789,Presa della Bastiglia e inizio della caduta della monarchia,Luigi XVI di Francia,Francia
Inizio della Rivoluzione Verde,1943,Inizio della Rivoluzione Verde,,
Inizio Guerra Civile Americana ,1861,Iniziò la Guerra Civile Americana tra l'Unione e i Confederati secessionisti,,
Inizio inastia Han in Cina,-206,"Dopo la morte di Qin Shi Huang, fu stabilita la dinastia Han in Cina",,
Insulina,1921,"Ormone utilizzato per trattare il diabete, essenziale per la regolazione della glicemia","Frederick Banting, Charles Best",Canada
Insurrezione cecena ,1944,Insurrezione cecena terminata con la deportazione dell'intera popolazione cecena,,
Internet,1960,Rete globale di computer che ha rivoluzionato la comunicazione e l'accesso alle informazioni,"Vint Cerf, Bob Kahn",Stati Uniti
Introduzione del primo computer elettronico,1944,"Introduzione del primo computer elettronico operativo, Colossus",,
Introduzione dell'Euro,1999,Introduzione dell'Euro,,
Introduzione della democrazia ad Atene,-508,Introduzione della democrazia ad Atene,,
Invasione napoleonica e partizione della Repubblica di Venezia,1797,Invasione napoleonica e partizione della Repubblica di Venezia che terminarono oltre 1000 anni di indipendenza della Serenissima,,
Invasione nazista della Polonia ,1939,Invasione nazista della Polonia che innescò l'inizio della Seconda Guerra Mondiale,,
"Invasione nazista di Francia, Paesi Bassi, Danimarca e Norvegia",1940,"Invasione nazista di Francia, Paesi Bassi, Danimarca e Norvegia",,
Invenzione del microscopio,1590,Strumento che permette di vedere oggetti troppo piccoli per essere visti ad occhio nudo,Hans e Zacharias Jansen,Paesi Bassi
Invenzione del pacemaker,1958,Dispositivo che regola il battito cardiaco,Wilson Greatbatch,Stati Uniti
"Invenzione del primo calendario di 365 giorni, 12 mesi e 30 giorni",-5000,"Invenzione del primo calendario di 365 giorni, 12 mesi e 30 giorni",,
Invenzione del telegrafo,1837,Comunicazione a distanza rivoluzionata,Samuel Morse,Stati Uniti d'America
Invenzione dell'orologio a pendolo,1656,"Orologio più accurato del suo tempo, utilizzando un pendolo per misurare il tempo",Christiaan Huygens,Paesi Bassi
Invenzione della carta in Cina,-200,Invenzione della carta in Cina,,
Invenzione della fotografia,1826,Inizio dell'era della fotografia,Nicéphore Niépce,Francia
Invenzione della lampadina,1879,Dispositivo che emette luce quando una corrente elettrica lo attraversa,Thomas Edison,Stati Uniti
Invenzione della macchina a vapore,1712,Invenzione cruciale che ha permesso il progresso dell'era industriale,Thomas Newcomen,Regno Unito
Invenzione della macchina da scrivere,1867,Strumento meccanico o elettromeccanico per scrivere testo,Christopher Sholes,Stati Uniti
Invenzione della macchina fotografica,1816,"Dispositivo per catturare immagini, antenata delle moderne fotocamere",Nicéphore Niépce,Francia
Invenzione della penna stilografica,1884,Strumento di scrittura che utilizza inchiostro da un serbatoio interno,Lewis Waterman,Stati Uniti
Invenzione della polvere da sparo,800,Invenzione della polvere da sparo,,
Invenzione della radio,1895,Tecnologia per la trasmissione di suoni a distanza mediante onde radio,Guglielmo Marconi,Italia
Invenzione della stampa a olio,1420,Tecnica rivoluzionaria nell'arte europea,Jan van Eyck,Paesi Bassi
Invenzione della stampa,1455,Gutenberg inventò la stampa a caratteri mobili,Johannes Gutenberg,Sacro Romano Impero
Istituzione dell'Organizzazione Mondiale del Commercio,1995,Istituzione dell'Organizzazione Mondiale del Commercio,,
"Istituzione NASA, Federal Aviation Authority USA, Campaign for Nuclear Disarmament (CND)",1958,"Istituzione della NASA, della Federal Aviation Authority degli USA e della Campaign for Nuclear Disarmament (CND)",,
Istituzione Repubblica Araba Libica,1969,Muammar Gheddafi rovesciò il Re Idris di Libia in un colpo di stato e istituì la Repubblica Araba Libica,,
Joseph Stalin diventa leader dell'Unione Sovietica,1927,Joseph Stalin diventa leader dell'Unione Sovietica,,
Karl Benz vende la prima automobile commerciale,1886,Karl Benz vende la prima automobile commerciale,,
Karl Marx scrive il Manifesto Comunista,1848,Karl Marx scrive il Manifesto Comunista,,
L'astrolabio per la prima volta in Europa,1050,"L'astrolabio, antico strumento di navigazione, fu usato per la prima volta in Europa",,
L'IRA tentò di assassinare il re Giorgio VI del Regno Unito,1937,L'IRA tentò di assassinare il re Giorgio VI del Regno Unito,,
L'Unione Sovietica annesse gli stati baltici,1940,L'Unione Sovietica annesse gli stati baltici,,
La BBC ricevette una Carta Reale nel Regno Unito,1927,La BBC ricevette una Carta Reale nel Regno Unito,,
La Birmania come regalo di compleanno alla Regina Vittoria ,1886,La Birmania fu presentata alla Regina Vittoria come regalo di compleanno,,
La Chanson de Roland,1100,Epopea che racconta la battaglia di Roncisvalle,Autore anonimo,Francia
La Città del Vaticano ottenne lo status di Stato sovrano,1929,La Città del Vaticano ottenne lo status di Stato sovrano,,
La Costituzione degli Stati Uniti ,1787,La Costituzione degli Stati Uniti fu scritta a Philadelphia e sottoposta agli stati per la ratifica,,
La Dinastia Qin iniziò la costruzione della Grande Muraglia Cinese,-221,La Dinastia Qin iniziò la costruzione della Grande Muraglia Cinese,,
La Grande Assemblea Nazionale Turca abolì il Sultanato Ottomano,1922,La Grande Assemblea Nazionale Turca abolì il Sultanato Ottomano,,
La legge costituzionale della Repubblica Romana fu la prima ad abolire la pena capitale,1849,La legge costituzionale della Repubblica Romana fu la prima ad abolire la pena capitale,,
La Nuova Zelanda divenne il primo paese a sancire il suffragio femminile,1893,La Nuova Zelanda divenne il primo paese a sancire il suffragio femminile,,
La Persia divenne l'Iran,1935,La Persia divenne l'Iran,,
La Peste Nera devastò l'Europa per la prima volta (di molte),1347,La Peste Nera devastò l'Europa per la prima volta (di molte),,
La prima legislazione sul diritto d'autore al mondo,1710,"La prima legislazione sul diritto d'autore al mondo, lo Statuto di Anna (noto anche come Copyright Act del 1709), entrò in vigore",,
La Rivoluzione Russa pose fine all'Impero Russo,1917,La Rivoluzione Russa pose fine all'Impero Russo,,
La Rivoluzione Xinhai in Cina rovesciò la Dinastia Qing,1911,La Rivoluzione Xinhai in Cina rovesciò la Dinastia Qing,,
La vaccinazione divenne obbligatoria in Gran Bretagna,1835,La vaccinazione divenne obbligatoria in Gran Bretagna,,
"Lancio della prima stazione spaziale, Skylab",1973,"Lancio della prima stazione spaziale, Skylab",,
Le tribù germaniche sconfissero l'esercito romano nella battaglia di Adrianopoli,378,Le tribù germaniche sconfissero l'esercito romano nella battaglia di Adrianopoli,,
Leggi del moto di Newton,1687,Tre leggi fondamentali del moto che hanno gettato le basi per la meccanica classica,Isaac Newton,Regno Unito
Leonardo da Vinci inizia a dipingere la Gioconda ,1503,"Leonardo da Vinci iniziò a dipingere la Gioconda (Mona Lisa), completata dopo tre anni",,
Linguaggio di programmazione JavaScript,1995,Linguaggio di scripting lato client per pagine web interattive,Brendan Eich,Stati Uniti
Linguaggio di programmazione Python,1991,"Linguaggio di programmazione ad alto livello, versatile e ampiamente utilizzato",Guido van Rossum,Paesi Bassi
Maometto designò il venerdì come giorno speciale della settimana,623,Maometto abbandonò il sabato come Sabbath e designò il venerdì come giorno speciale della settimana,,
Maometto iniziò a predicare pubblicamente,613,"Maometto iniziò a predicare pubblicamente nella sua città natale, Mecca",,
Marco Polo pubblicò Il Milione,1298,"Marco Polo pubblicò il suo itinerario della Cina, insieme a Rustichello da Pisa",,
Margaret Thatcher diventò Primo Ministro del Regno Unito,1979,Margaret Thatcher diventò Primo Ministro del Regno Unito,,
Massachusetts dichiara illegale la schiavitù,1783,"Negli USA, basandosi sulla costituzione dello stato del 1780, la Corte Suprema Giudiziaria del Massachusetts dichiara illegale la schiavitù",,
Massacro del giorno di San Valentino,1929,Massacro del giorno di San Valentino,,
Migrazione di Maometto da Mecca a Medina,622,Migrazione di Maometto da Mecca a Medina,,
Mikhail Gorbaciov Premier dell'Unione Sovietica,1985,Mikhail Gorbaciov divenne Premier dell'Unione Sovietica,,
Morte di Alessandro Magno ,-323,Morte di Alessandro a Babilonia,,
Morte di Cristoforo Colombo ,1506,"Cristoforo Colombo morì a Valladolid, Spagna",,
Morte di Diana,1997,"Diana, Principessa del Galles, morì in un incidente d'auto a Parigi, Francia",,
Morte di Maometto,632,Morte di Maometto,,
Morte di Napoleone Bonaparte,1821,"Morte di Napoleone Bonaparte (all'isola di Sant'Elena, dove era in esilio)",,
Morte di Stalin,1953,Morte di Stalin,,
Morte di Vladimir Lenin e ascesa di Stalin,1924,Morte di Vladimir Lenin (Russia); ascesa di Stalin,,
"Morti di Hugo Chávez, Nelson Mandela e Margaret Thatcher",2013,"Morti di Hugo Chávez, Nelson Mandela e Margaret Thatcher",,
"Morti di Roosevelt, Hitler Mussolini",1945,"Morti di Franklin Delano Roosevelt, Adolf Hitler e Benito Mussolini",,
Morti di Winston Churchill,1965,Morti di Winston Churchill,,
Movimento artistico Harlem Renaissance,1920,Rivoluzione culturale e artistica afroamericana,Artisti vari,Stati Uniti
Napoleone (di Francia) sconfisse l'Austria,1801,Napoleone (di Francia) sconfisse l'Austria,,
Napoleone Bonaparte divenne tenente nell'artiglieria francese,1785,Napoleone Bonaparte divenne tenente nell'artiglieria francese,,
Napoleone incoronato Re d'Italia,1805,"A Milano (Italia), Napoleone viene incoronato Re d'Italia",,
Nascita del primo bambino in provetta,1978,Nascita del primo bambino in provetta,,
Nascita di Dante Alighieri,1265,"Poeta italiano, autore della Divina Commedia",Dante Alighieri,Italia
Nascita di Gesù Cristo,-4,Nascita di Gesù Cristo (data comunemente accettata),,
Nascita di Johann Wolfgang von Goethe,1749,"Drammaturgo tedesco, figura centrale del Romanticismo",Johann Wolfgang von Goethe,Germania
Nascita di Leonardo da Vinci,1452,Genio del Rinascimento italiano,Leonardo da Vinci,Italia
Nascita di Maometto ,570,Nascita del profeta Maometto (fondatore della religione musulmana),,
Nascita di Vincent van Gogh,1853,"Pittore olandese, figura chiave del post-impressionismo",Vincent van Gogh,Paesi Bassi
Nascita di William Shakespeare,1564,"Drammaturgo inglese, figura preminente della letteratura",William Shakespeare,Inghilterra
Omero ha scritto l'epica Iliade e Odissea,-850,Omero ha scritto l'epica Iliade e Odissea,,
Origine dell'Era Saka in India,78,Origine dell'Era Saka in India,,
Orologio ad acqua inventato in Egitto,-1400,Orologio ad acqua inventato in Egitto,,
Osman I fondò l'Impero Ottomano,1299,Osman I fondò l'Impero Ottomano,,
Panini standardizzò la grammatica e la morfologia sanscrita nel testo Ashtadhyayi,-500,Panini standardizzò la grammatica e la morfologia sanscrita nel testo Ashtadhyayi,,
Partizione della Germania ,1949,Partizione della Germania come Repubblica Democratica Socialista Sovietica e Repubblica Federale di Germania supportata dalla NATO,,
Penicillina,1928,La penicillina come antibiotico,Alexander Fleming,Regno Unito
Pila di Volta,1800,Prima batteria elettrica che produceva corrente continua,Alessandro Volta,Italia
Pingala apprese l'uso dello zero e del sistema numerico binario,-500,Pingala apprese l'uso dello zero e del sistema numerico binario,,
Pitagora studiò i movimenti dei corpi celesti e la matematica,-550,Pitagora (studioso greco) studiò i movimenti dei corpi celesti e la matematica,,
Poesia modernista,1890,"Movimento poetico che rompeva con le convenzioni passate, enfatizzando il simbolismo e il sperimentalismo",Varie figure poetiche,Europa e Stati Uniti
"Polonia, Ucraina e Bielorussia dichiararono la loro indipendenza dalla Russia",1918,"Polonia, Ucraina e Bielorussia dichiararono la loro indipendenza dalla Russia",,
Postmodernismo,1960,Movimento letterario e culturale caratterizzato da un atteggiamento di sfida verso le convenzioni,Varie figure letterarie,Internazionale
Prima adozione ufficiale delle impronte digitali,1892,Prima adozione ufficiale delle impronte digitali,,
Prima Biennale di Venezia,1895,Importante evento internazionale dell'arte contemporanea,Artisti vari,Italia
Prima cerimonia del Premio Nobel,1901,"A Stoccolma (Svezia), si tiene la prima cerimonia del Premio Nobel",,
Prima Coppa del Mondo FIFA,1930,Prima Coppa del Mondo FIFA,,
Prima dinastia dell'Egitto,-3100,Prima dinastia dell'Egitto,,
Prima dominazione cinese del Vietnam come Regno di Nanyue,-111,Prima dominazione cinese del Vietnam come Regno di Nanyue,,
Prima edizione dell'Encyclopédie,1751,Opera fondamentale dell'Illuminismo,Denis Diderot,Francia
Prima esposizione degli Impressionisti,1874,Rompere le convenzioni artistiche tradizionali,Claude Monet,Francia
Prima ferrovia pubblica al mondo,1825,Le due stazioni ferroviarie di Stockton e Darlington (la prima ferrovia pubblica al mondo) furono aperte,,
Prima immagine della Terra dallo spazio,1946,Prima immagine della Terra presa dallo spazio,,
Prima storia di Sherlock Holmes,1887,"Sir Arthur Conan Doyle pubblicò la sua prima storia di Sherlock Holmes, Uno studio in rosso",,
Prima trasmissione radio commerciale,1908,Prima trasmissione radio commerciale,,
Prima volta che l'Unione Sovietica ha generato elettricità con energia nucleare,1954,Prima volta che l'Unione Sovietica ha generato elettricità con energia nucleare,,
Prime forme di scrittura,-3000,Prime forme di scrittura,,
Prime registrazioni dei Giochi Olimpici,-776,Prime registrazioni dei Giochi Olimpici,,
Primo film commerciale,1894,Primo film commerciale rilasciato da Jean Aimé Le Roy,,
Primo focolaio del virus Ebola,1976,Primo focolaio del virus Ebola,,
Primo modello terrestre globo,1492,Modello sferico che rappresenta la Terra o altri corpi celesti,Martin Behaim,Germania
Primo uso del gas come arma chimica,1915,Primo uso del gas velenoso nella Battaglia di Neuve Chapelle e Seconda Battaglia di Ypres,,
Primo uso dell'anestesia,1842,Primo uso dell'anestesia,,
Primo uso dell'impronta del DNA,1985,Primo uso dell'impronta del DNA,,
Primo uso delle bussole dagli europei,1199,Primo uso delle bussole dagli europei,,
Primo videoarte di Nam June Paik,1963,Pioniere dell'arte dei media elettronici,Nam June Paik,Corea del Sud
Pubblicazione de Il grande Gatsby,1925,Romanzo simbolo del sogno americano e della sua corruzione,F Scott Fitzgerald,Stati Uniti
Pubblicazione di Don Chisciotte,1605,Opuscolo che fonda il moderno romanzo europeo,Miguel de Cervantes,Spagna
Pubblicazione di Guerra e Pace,1869,Romanzo epico di Lev Tolstoj sulla società russa,Lev Tolstoj,Russia
Pubblicazione di Mein Kampf ,1925,Pubblicazione di Mein Kampf (autobiografia del leader nazionalsocialista Adolf Hitler),,
Pubblicazione di Robinson Crusoe,1719,Romanzo che inaugura la narrativa realista moderna,Daniel Defoe,Inghilterra
Qin Shi Huang unificò la Cina e diede inizio al governo imperiale ,-221,Qin Shi Huang unificò la Cina e diede inizio al governo imperiale (in Cina),,
Radiografia (Raggi X),1895,Tecnica di imaging medico che utilizza raggi X per visualizzare l'interno del corpo,Wilhelm Conrad Röntgen,Germania
Rayon (seta artificiale),1891,"Prima fibra artificiale, importante nello sviluppo dei tessuti sintetici",Hilaire de Chardonnet,Francia
Re Luigi XI di Francia avvia il servizio postale,1461,Re Luigi XI di Francia avvia il servizio postale,,
Realismo,1850,Movimento letterario incentrato sulla rappresentazione fedele della realtà quotidiana,Varie figure letterarie,Europa
Realizzazione del Guernica di Picasso,1937,"Opera di Pablo Picasso, simbolo della guerra civile spagnola",Pablo Picasso,Spagna
Riforma Protestante,1517,Lutero e le 95 tesi iniziano la Riforma Protestante,Martin Lutero,Sacro Romano Impero
Rilascio di Nelson Mandela,1990,"Dopo 27 anni di prigionia, Nelson Mandela fu rilasciato",,
Ripristino monarchia in Grecia dopo referendum,1920,La Grecia ripristina la monarchia dopo un referendum,,
"Rivitalizzazione dei Giochi Olimpici ad Atene, Grecia",1896,"Rivitalizzazione dei Giochi Olimpici ad Atene, Grecia",,
Rivoluzione Americana,1775,Rivoluzione Americana,George Washington,Stati Uniti d'America
Rivoluzione cubana,1959,Rivoluzione cubana,,
Rivoluzione egiziana e fine dell'occupazione britannica,1952,Rivoluzione egiziana sotto Gamal Abdel Nasser rovesciò il Re Farouk e terminò l'occupazione britannica,,
Rivoluzione francese,1789,Rivoluzione francese,,
Rivoluzione Gloriosa in Inghilterra,1688,Inizio della monarchia costituzionale inglese,Guglielmo d'Orange,Inghilterra
Rivoluzione Russa,1917,Rivoluzione Russa,Vladimir Lenin,Russia
Romanticismo,1800,Romanticismo,Varie figure letterarie,Europa
Scatola nera (registrazione dati volo),1953,Scatola nera (registrazione dati volo),David Warren,Australia
Sconfitta di Napoleone nella Battaglia di Waterloo ,1815,Fuga e successiva sconfitta di Napoleone nella Battaglia di Waterloo (a giugno) e esilio a Sant'Elena,,
Scoperta del Brasile,1500,Scoperta del Brasile,Pedro Álvares Cabral,Brasile
Scoperta del rame,-6000,Fu scoperto il rame,,
Scoperta dell'America,1492,Cristoforo Colombo scoprì una rotta verso il Nuovo Mondo,,
Scoperta dell'America,1492,Scoperta dell'America,Cristoforo Colombo,Spagna
Scoperta dell'Antartide,1820,Scoperta dell'Antartide,,
Scoperta della radioattività,1896,Fenomeno di emissione di particelle da materiali instabili,Henri Becquerel,Francia
Scoperta della tomba di Tutankhamon,1922,Scoperta della tomba di Tutankhamon,Howard Carter,Egitto
Scritti di Hildegard von Bingen,1150,Scritti di Hildegard von Bingen,Hildegard von Bingen,Germania
Seconda Guerra Balcanica e Trattato di Bucarest,1913,Seconda Guerra Balcanica e Trattato di Bucarest,,
Invenzione del World Wide Web,1990,Sir Tim Berners-Lee inventò il World Wide Web (WWW),,
Sismografo,132,Sismografo,Zhang Heng,Cina
Sistema Operativo Linux,1991,Sistema Operativo Linux,Linus Torvalds,Finlandia
Sistema Operativo,1956,Sistema Operativo,GM-NAA I/O,Stati Uniti
Slavery Abolition Act bandì la schiavitù in tutto l'Impero Britannico,1833,Slavery Abolition Act bandì la schiavitù in tutto l'Impero Britannico,,
Stampa a caratteri mobili,1455,Stampa a caratteri mobili,Johannes Gutenberg,Germania
Stampa della Bibbia di Gutenberg,1455,Stampa della Bibbia di Gutenberg,Johannes Gutenberg,Germania
Creazione del Commonwealth delle Nazioni Britanniche,1931,Statuto di Westminster creò il Commonwealth delle Nazioni Britanniche,,
Stetoscopio,1816,Stetoscopio,René Laennec,Francia
Struttura atomica,1911,Struttura atomica,Ernest Rutherford,Nuova Zelanda
Studio del magnetismo,-600,Fenomeno fisico per cui materiali esercitano forze attrattive o repulsive,Tales,Grecia
Studio dell'elettricità statica,1745,"Dispositivo per generare elettricità statica, fondamentale per gli studi sull'elettricità",Ewald Georg von Kleist,Germania
Sviluppo dei robot,1921,Sviluppo dei robot,Karel Čapek,Repubblica Ceca
Sviluppo del laser,1960,Dispositivo che emette luce attraverso un processo di amplificazione ottica,Theodore Maiman,Stati Uniti
Sviluppo del linguaggio di programmazione C,1972,"Linguaggio di programmazione influente, utilizzato ampiamente ancora oggi",Dennis Ritchie,Stati Uniti
Sviluppo del magnetron,1940,"Tubo che produce microonde, utilizzato in radar e forni a microonde","John Randall, Harry Boot",Regno Unito
Sviluppo del microprocessore,1971,"Cuore di un computer, esegue istruzioni di un programma di computer",Intel,Stati Uniti
Sviluppo del motore a combustione interna,1859,Motore che genera energia meccanica tramite la combustione di carburante,Étienne Lenoir,Francia
Sviluppo del motore a reazione,1930,Motore che espelle getti ad alta velocità per generare spinta,"Frank Whittle, Hans von Ohain","Regno Unito, Germania"
Sviluppo del motore elettrico,1831,Dispositivo che converte energia elettrica in energia meccanica,Michael Faraday,Regno Unito
Sviluppo del radar,1935,Tecnologia per rilevare la posizione e il movimento di oggetti tramite onde radio,Robert Watson-Watt,Regno Unito
Sviluppo dell'ornitottero,1485,Progetto di un dispositivo di volo meccanico ispirato agli uccelli,Leonardo da Vinci,Italia
Sviluppo dell'orologio atomico,1949,Orologio che misura il tempo con grande precisione tramite frequenze atomiche,National Bureau of Standards (NBS),Stati Uniti
Sviluppo della macchina fotografica digitale,1975,Dispositivo per catturare immagini in forma digitale,Steven Sasson,Stati Uniti
Sviluppo della penicillina,1928,"Primo antibiotico scoperto, ha rivoluzionato la medicina salvando milioni di vite",Alexander Fleming,Regno Unito
Sviluppo della radioastronomia,1931,Studio degli oggetti celesti tramite le loro emissioni radio,Karl Jansky,Stati Uniti
Telefono,1876,Telefono,Alexander Graham Bell,Stati Uniti
Telescopio spaziale Hubble,1990,Telescopio spaziale Hubble,NASA,Stati Uniti
Telescopio,1608,Telescopio,Hans Lippershey,Paesi Bassi
Televisione,1927,Televisione,Philo Farnsworth,Stati Uniti
Teorema di Fermat,1637,Teorema di Fermat,Pierre de Fermat,Francia
Teorema di Gödel,1931,Teorema di Gödel,Kurt Gödel,Austria
Teorema di Pitagora,-530,Teorema di Pitagora,Pitagora,Grecia
Teoria dei giochi,1944,Teoria dei giochi,"John von Neumann, Oskar Morgenstern","Ungheria, Austria"
Teoria dei quanti,1900,Teoria dei quanti,Max Planck,Germania
Teoria del Big Bang,1927,Teoria del Big Bang,Georges Lemaître,Belgio
Teoria del Caos,1963,Teoria del Caos,Edward Lorenz,Stati Uniti
Teoria dell'evoluzione,1859,Teoria dell'evoluzione,Charles Darwin,Regno Unito
Teoria dell'Informazione,1948,Teoria dell'Informazione,Claude Shannon,Stati Uniti
Teoria della Relatività Generale di Einstein,1915,"Teoria della gravitazione proposta da Einstein, fondamentale per la fisica moderna",Albert Einstein,Germania
Teoria della relatività,1905,Albert Einstein formulò la teoria della relatività,,
Teoria della relatività,1905,Teoria della relatività,Albert Einstein,Germania
Teoria delle Onde Gravitazionali,1916,Teoria delle Onde Gravitazionali,Albert Einstein,Germania
Teoria delle Stringhe,1960,Teoria delle Stringhe,Gabriele Veneziano,Italia
Teorie di Charles Darwin,1838,Charles Darwin sviluppò la teoria della selezione e specializzazione evolutiva,,
Termometro,1593,Termometro,Galileo Galilei,Italia
Theodore Roosevelt divenne il più giovane Presidente degli Stati Uniti,1901,Theodore Roosevelt divenne il più giovane Presidente degli Stati Uniti,,
Time Magazine fu pubblicato per la prima volta,1923,Time Magazine fu pubblicato per la prima volta,,
Transistor,1947,Transistor,"John Bardeen, Walter Brattain, William Shockley",Stati Uniti
Trapianto di cuore,1967,Trapianto di cuore,Christiaan Barnard,Sud Africa
Trasferimento della sovranità di Hong Kong dal Regno Unito alla Cina,1997,Trasferimento della sovranità di Hong Kong dal Regno Unito alla Cina,,
Trattato di Kanagawa,1854,Trattato di Kanagawa,Commodoro Perry,Giappone
Trattato di San Francisco ,1951,Il Trattato di San Francisco terminò l'occupazione del Giappone e concluse formalmente le ostilità tra Giappone e USA,,
Trattato di Utrecht,1713,Trattato di Utrecht,Diplomatici europei,Europa
Trattato di Verdun,843,Trattato di Verdun,Ludovico il Pio,Europa
Trattato di Westfalia,1648,Trattato di Westfalia,Negotiati di pace,Europa
"Uccisione di Osama bin Laden, Muammar Gheddafi e Kim Jong-Il",2011,"Uccisione di Osama bin Laden, Muammar Gheddafi e Kim Jong-Il",,
Ultima impiccagione pubblica in Inghilterra,1868,Michael Barrett fu l'ultima persona ad essere impiccata pubblicamente in Inghilterra,,
Unificazione dell'Italia,1861,Unificazione dell'Italia,Vittorio Emanuele II,Italia
Vaccino,1796,Vaccino,Edward Jenner,Regno Unito
Vasco da Gama raggiunse l'India,1498,Vasco da Gama raggiunse l'India,,
Velcro,1948,Velcro,George de Mestral,Svizzera
Velivolo a propulsione jet,1939,Velivolo a propulsione jet,Heinkel He 178,Germania
Vetro di sicurezza,1903,Vetro di sicurezza,Édouard Bénédictus,Francia
Winston Churchill divenne Primo Ministro del Regno Unito,1940,Winston Churchill divenne Primo Ministro del Regno Unito,,
Woodrow Wilson eletto come 28 Presidente degli Stati Uniti,1912,Woodrow Wilson eletto come 28 Presidente degli Stati Uniti,,
Word Processor,1964,Word Processor,IBM,Stati Uniti
,,,,
,,,,
,,,,
,,,,
,,,,
,,,,
,,,,
,,,,
,,,,
,,,,
,,,,
,,,,
,,,,
,,,,
,,,,
,,,,
,,,,
,,,,
,,,,
,,,,
,,,,
,,,,
,,,,
,,,,
,,,,
,,,,
,,,,
,,,,
,,,,
,,,,
,,,,
,,,,
,,,,
,,,,
,,,,
,,,,
,,,,
,,,,
,,,,
,,,,
,,,,
,,,,
,,,,
,,,,
,,,,
,,,,
,,,,
,,,,
,,,,
,,,,
,,,,
,,,,
,,,,
,,,,
,,,,
,,,,
,,,,
,,,,
,,,,
,,,,
,,,,
,,,,
,,,,
,,,,
,,,,
,,,,
,,,,
,,,,
,,,,
,,,,
,,,,
,,,,
,,,,
,,,,
,,,,
,,,,
,,,,
,,,,
,,,,
,,,,
,,,,
,,,,
,,,,
,,,,
,,,,
,,,,
,,,,
,,,,
,,,,
,,,,
,,,,
,,,,
,,,,
,,,,
,,,,
,,,,
,,,,
,,,,
,,,,
,,,,
,,,,
,,,,
,,,,
,,,,
,,,,
,,,,
,,,,
,,,,
,,,,
,,,,
,,,,
,,,,
,,,,
,,,,
,,,,
,,,,
,,,,
,,,,
,,,,
,,,,
,,,,
,,,,
,,,,
,,,,
,,,,
,,,,
,,,,
,,,,
,,,,
,,,,
,,,,
,,,,
,,,,
,,,,
,,,,
,,,,
,,,,
,,,,
,,,,
,,,,
,,,,
,,,,
,,,,
,,,,
,,,,
,,,,
,,,,
,,,,
,,,,
,,,,
,,,,
,,,,
,,,,
,,,,
,,,,
,,,,
,,,,
,,,,
,,,,
,,,,
,,,,
,,,,
,,,,
,,,,
,,,,
,,,,
,,,,
,,,,
,,,,
,,,,
,,,,
,,,,
,,,,
,,,,
,,,,
,,,,
,,,,
,,,,
,,,,
,,,,
,,,,
,,,,
,,,,
,,,,
,,,,
,,,,
,,,,
,,,,
,,,,
,,,,
,,,,
,,,,
,,,,
,,,,
,,,,
,,,,
,,,,
,,,,
,,,,
,,,,
,,,,
,,,,
,,,,
,,,,
,,,,
,,,,
,,,,
,,,,
,,,,
,,,,
